open_time_ms,open,high,low,close
1641081600000,1829.13,1831.845,1828.12,1828.563
1641168000000,1828.523,1831.652,1798.3575,1804.23
1641254400000,1804.228,1816.825,1798.5015,1813.99
1641340800000,1814.0035,1829.728,1808.352,1810.362
1641427200000,1810.405,1811.615,1786.44,1791.44
1641513600000,1791.4385,1798.6785,1782.6665,1796.375
1641686400000,1794.95,1796.21,1794.3015,1795.245
1641772800000,1795.195,1802.98,1790.4235,1801.2915
1641859200000,1801.2965,1823.3315,1801.255,1820.825
1641945600000,1820.8215,1828.148,1814.75,1825.365
1642032000000,1825.37,1828.23,1812.385,1820.915
1642118400000,1820.92,1829.205,1814.72,1817.91
1642291200000,1818.05,1819.498,1815.945,1816.465
1642377600000,1816.475,1823.24,1813.193,1819.15
1642464000000,1819.16,1822.823,1805.8345,1814.3545
1642550400000,1814.3595,1843.44,1810.315,1838.623
1642636800000,1838.633,1847.96,1835.985,1839.01
1642723200000,1839.03,1843.267,1828.553,1835.245
1642896000000,1835.0275,1837.18,1831.737,1834.807
1642982400000,1834.802,1844.377,1829.75,1843.665
1643068800000,1843.67,1853.9,1834.98,1849.615
1643155200000,1849.5735,1849.65,1814.995,1822.015
1643241600000,1822.025,1822.05,1791.857,1797.31
1643328000000,1797.305,1799.4585,1780.32,1791.61
1643500800000,1792.0965,1792.0965,1788.53,1789.6215
1643587200000,1789.6265,1799.9435,1785.605,1797.89
1643673600000,1797.87,1808.815,1795.8135,1800.8065
1643760000000,1800.8115,1810.84,1794.5265,1807.8835
1643846400000,1807.905,1809.0435,1788.695,1805.815
1643932800000,1805.8165,1814.965,1792.2115,1808.025
1644105600000,1807.7535,1811.505,1806.937,1810.143
1644192000000,1810.16,1823.615,1808.797,1822.075
1644278400000,1822.065,1828.818,1815.465,1826.005
1644364800000,1826.038,1835.868,1824.72,1832.655
1644451200000,1832.66,1841.985,1821.688,1826.895
1644537600000,1826.9,1865.515,1820.995,1858.65
1644710400000,1860.0425,1862.34,1855.502,1859.623
1644796800000,1859.64,1874.163,1850.87,1871.125
1644883200000,1871.115,1879.542,1844.61,1853.05
1644969600000,1853.055,1872.62,1850.347,1869.995
1645056000000,1870.01,1901.16,1867.875,1900.015
1645142400000,1900.0425,1902.4965,1886.67,1898.47
1645315200000,1901.135,1906.5375,1897.074,1904.965
1645401600000,1904.9785,1914.2625,1887.6525,1909.595
1645488000000,1909.565,1913.9725,1891.435,1898.28
1645574400000,1898.27,1911.635,1889.695,1910.8175
1645660800000,1910.8375,1974.52,1878.195,1906.6
1645747200000,1906.615,1921.6,1882.98,1889.235
1645920000000,1919.429,1931.675,1904.4525,1910.34
1646006400000,1910.35,1919.5,1890.955,1906.355
1646092800000,1906.35,1950.25,1901.46,1942.36
1646179200000,1942.365,1947.894,1913.9185,1928.89
1646265600000,1928.905,1941.3515,1922.104,1935.0045
1646352000000,1935.0095,1971.1,1929.75,1970.7
1646524800000,1975.095,1991.525,1974.565,1988.803
1646611200000,1988.79,2002.68,1961.0695,1998.7915
1646697600000,1998.8265,2070.568,1981.16,2043.885
1646784000000,2043.95,2059.2885,1976.275,1989.945
1646870400000,1989.95,2009.177,1970.63,1995.365
1646956800000,1995.355,1997.392,1958.67,1988.6
1647129600000,1984.947,1990.4555,1970.848,1974.375
1647216000000,1974.395,1978.917,1949.7945,1952.255
1647302400000,1952.235,1952.275,1907.115,1918.1325
1647388800000,1917.9855,1929.5575,1895.0975,1927.145
1647475200000,1927.14,1949.85,1925.6025,1944.0015
1647561600000,1943.995,1945.4025,1918.015,1921.55
1647734400000,1921.92,1926.46,1918.36,1919.1525
1647820800000,1919.1475,1941.3345,1918.044,1935.71
1647907200000,1935.705,1938.46,1910.675,1919.7675
1647993600000,1919.7575,1948.4625,1915.5925,1946.195
1648080000000,1946.1305,1966.1955,1937.4975,1959.3685
1648166400000,1959.3785,1964.3425,1943.225,1958.18
1648339200000,1957.7975,1959.4175,1954.8625,1955.7
1648425600000,1957.2825,1958.465,1917.0175,1922.8125
1648512000000,1922.8025,1929.435,1890.2225,1919.825
1648598400000,1919.825,1938.612,1916.0275,1932.8475
1648684800000,1932.845,1949.8825,1919.265,1935.55
1648771200000,1935.53,1939.565,1918.0775,1925.51
1648944000000,1924.775,1926.1,1921.53,1923.245
1649030400000,1923.24,1937.0,1915.554,1933.29
1649116800000,1933.23,1944.6575,1917.9975,1922.94
1649203200000,1922.9155,1933.575,1915.23,1923.82
1649289600000,1923.85,1937.8625,1920.575,1931.283
1649376000000,1931.288,1948.26,1927.755,1947.735
1649548800000,1946.85,1950.075,1945.985,1946.995
1649635200000,1947.002,1969.69,1940.067,1952.012
1649721600000,1952.072,1978.665,1949.76,1966.867
1649808000000,1966.895,1981.613,1962.905,1978.342
1649894400000,1978.387,1980.44,1960.672,1973.468
1650153600000,1974.628,1980.06,1971.28,1978.705
1650240000000,1978.706,1998.435,1976.31,1976.9615
1650326400000,1977.072,1982.025,1943.72,1949.951
1650412800000,1949.9475,1958.44,1939.3845,1955.575
1650499200000,1955.595,1957.515,1936.8095,1951.323
1650585600000,1951.358,1955.702,1926.64,1931.405
1650758400000,1930.9225,1934.56,1928.3175,1930.34
1650844800000,1930.49,1933.0675,1891.5375,1899.58
1650931200000,1899.5425,1911.2825,1895.78,1904.5975
1651017600000,1904.5925,1907.075,1881.435,1885.0025
1651104000000,1885.01,1896.7775,1872.18,1892.92
1651190400000,1892.94,1919.996,1892.62,1896.795
1651363200000,1896.081,1899.9975,1895.7175,1898.185
1651449600000,1898.17,1900.0,1854.6525,1863.7925
1651536000000,1863.77,1878.172,1850.458,1868.9025
1651622400000,1868.9075,1889.8775,1861.495,1882.895
1651708800000,1882.87,1909.8225,1872.575,1878.04
1651795200000,1878.035,1892.5825,1866.1765,1884.05
1651968000000,1883.8,1885.825,1880.425,1881.68
1652054400000,1881.705,1882.78,1851.765,1852.875
1652140800000,1852.88,1865.49,1835.5125,1838.72
1652227200000,1838.615,1858.21,1832.045,1852.75
1652313600000,1852.735,1858.8555,1810.843,1819.3075
1652400000000,1819.2825,1828.835,1799.175,1811.505
1652572800000,1810.332,1814.975,1810.18,1811.115
1652659200000,1811.11,1826.978,1786.845,1824.615
1652745600000,1824.615,1836.138,1812.95,1814.365
1652832000000,1814.3525,1824.8,1807.38,1817.28
1652918400000,1817.312,1849.18,1810.9935,1842.005
1653004800000,1841.98,1849.4725,1832.39,1846.55
1653177600000,1845.574,1858.245,1843.6025,1847.695
1653264000000,1847.645,1865.4955,1845.683,1853.5925
1653350400000,1853.5925,1869.7515,1849.37,1866.35
1653436800000,1866.335,1868.085,1842.29,1853.205
1653523200000,1853.1975,1854.405,1840.9575,1851.39
1653609600000,1851.395,1861.995,1848.035,1853.65
1653782400000,1853.35,1854.0525,1850.95,1850.975
1653868800000,1850.99,1864.0375,1848.215,1854.502
1653955200000,1854.447,1857.197,1835.055,1837.9
1654041600000,1837.895,1850.0475,1828.555,1847.1805
1654128000000,1847.1955,1870.4825,1844.125,1869.595
1654214400000,1869.605,1874.1595,1847.4075,1851.15
1654387200000,1851.591,1852.365,1849.925,1852.19
1654473600000,1852.18,1857.905,1840.4625,1841.745
1654560000000,1841.762,1855.617,1837.1075,1852.78
1654646400000,1852.77,1859.69,1844.693,1853.9125
1654732800000,1853.92,1855.397,1840.067,1846.675
1654819200000,1846.665,1876.02,1825.1325,1871.75
1654992000000,1875.45,1878.983,1873.922,1876.27
1655078400000,1876.255,1877.5475,1809.5275,1821.235
1655164800000,1821.2425,1831.72,1805.1575,1808.835
1655251200000,1808.81,1842.07,1807.775,1833.66
1655337600000,1833.625,1857.635,1815.16,1850.805
1655424000000,1850.8,1853.0825,1833.8755,1839.4
1655596800000,1837.85,1840.45,1834.8225,1839.0725
1655683200000,1839.0475,1846.15,1835.2325,1838.12
1655769600000,1838.108,1843.694,1828.598,1831.255
1655856000000,1831.24,1847.8855,1823.46,1837.785
1655942400000,1837.815,1846.36,1822.58,1824.405
1656028800000,1824.395,1831.869,1817.0,1826.86
1656201600000,1837.894,1839.785,1831.648,1833.8775
1656288000000,1833.88,1841.115,1820.848,1822.5025
1656374400000,1822.4605,1829.525,1818.4525,1819.7825
1656460800000,1819.785,1833.105,1812.182,1818.495
1656547200000,1818.485,1825.184,1802.7775,1806.355
1656633600000,1806.35,1812.225,1784.579,1811.35
1656806400000,1812.8695,1812.8695,1809.175,1810.04
1656892800000,1810.032,1814.345,1804.02,1809.327
1656979200000,1809.352,1812.255,1763.915,1768.185
1657065600000,1768.19,1772.938,1732.282,1739.275
1657152000000,1739.24,1749.145,1736.575,1739.878
1657238400000,1739.853,1752.51,1733.105,1742.355
1657411200000,1743.225,1744.66,1740.45,1743.797
1657497600000,1743.715,1744.275,1731.325,1733.713
1657584000000,1733.73,1744.29,1723.285,1725.815
1657670400000,1725.802,1745.4535,1707.13,1734.5
1657756800000,1734.51,1734.51,1697.605,1710.512
1657843200000,1710.517,1716.708,1699.078,1708.25
1658016000000,1707.85,1709.102,1706.027,1709.073
1658102400000,1709.038,1723.945,1706.755,1708.018
1658188800000,1708.008,1718.4885,1705.4,1712.129
1658275200000,1712.134,1714.5415,1692.565,1696.045
1658361600000,1696.065,1720.345,1680.943,1717.395
1658448000000,1717.405,1739.3635,1712.923,1727.385
1658620800000,1728.45,1728.45,1725.575,1726.315
1658707200000,1726.257,1736.334,1714.8145,1718.72
1658793600000,1718.712,1728.28,1713.6935,1718.33
1658880000000,1718.31,1740.425,1711.4995,1735.58
1658966400000,1735.587,1757.145,1734.125,1755.267
1659052800000,1755.365,1768.008,1752.17,1766.25
1659225600000,1765.6575,1766.356,1763.15,1763.383
1659312000000,1763.378,1775.422,1758.412,1771.783
1659398400000,1771.768,1788.118,1756.305,1759.765
1659484800000,1759.742,1772.838,1754.373,1763.495
1659571200000,1763.426,1795.04,1763.4,1791.08
1659657600000,1791.06,1794.958,1765.0715,1775.55
1659830400000,1773.9645,1775.13,1770.95,1773.865
1659916800000,1773.87,1790.078,1771.216,1788.355
1660003200000,1788.34,1800.518,1783.25,1793.817
1660089600000,1793.802,1807.967,1787.6435,1791.262
1660176000000,1791.267,1799.34,1783.607,1787.923
1660262400000,1787.92,1802.8,1784.935,1802.425
1660435200000,1802.7,1802.7,1799.745,1800.39
1660521600000,1800.32,1801.81,1773.022,1778.565
1660608000000,1778.555,1783.215,1771.502,1775.305
1660694400000,1775.315,1782.403,1759.86,1762.357
1660780800000,1762.352,1772.46,1755.402,1757.412
1660867200000,1757.437,1759.255,1745.582,1747.465
1661040000000,1746.755,1748.215,1745.072,1747.343
1661126400000,1747.253,1749.15,1727.837,1735.847
1661212800000,1735.842,1754.1705,1730.867,1747.045
1661299200000,1747.04,1755.9685,1742.4785,1751.327
1661385600000,1751.337,1765.54,1750.032,1757.382
1661472000000,1757.372,1758.8665,1734.222,1738.19
1661644800000,1736.4,1738.58,1734.627,1735.942
1661731200000,1736.03,1745.605,1720.387,1737.678
1661817600000,1737.668,1740.57,1721.226,1722.995
1661904000000,1723.02,1726.608,1705.892,1711.257
1661990400000,1711.28,1711.415,1688.855,1695.65
1662076800000,1695.635,1718.055,1695.047,1712.05
1662249600000,1712.995,1713.5,1709.68,1710.24
1662336000000,1710.275,1715.817,1707.7695,1712.967
1662422400000,1712.98,1726.809,1699.847,1700.558
1662508800000,1700.553,1719.5135,1691.42,1718.1335
1662595200000,1718.132,1728.248,1704.01,1709.345
1662681600000,1709.33,1729.518,1709.317,1716.705
1662854400000,1717.65,1720.232,1716.8435,1719.647
1662940800000,1719.642,1735.1885,1712.015,1725.353
1663027200000,1725.348,1731.866,1697.09,1702.025
1663113600000,1702.05,1707.16,1693.662,1697.61
1663200000000,1697.532,1698.267,1660.431,1662.703
1663286400000,1662.713,1680.3855,1654.25,1674.95
1663459200000,1676.7,1678.835,1674.0635,1678.44
1663545600000,1678.43,1680.0485,1659.714,1675.5965
1663632000000,1675.5815,1679.5065,1660.0215,1665.27
1663718400000,1665.29,1688.125,1653.8705,1671.205
1663804800000,1671.165,1684.9465,1655.7455,1671.405
1663891200000,1671.375,1676.015,1639.8095,1644.15
1664064000000,1644.215,1645.7955,1640.4665,1644.0885
1664150400000,1644.0485,1649.848,1621.219,1627.5415
1664236800000,1627.48,1642.4965,1626.16,1630.0315
1664323200000,1630.0165,1662.7645,1614.913,1657.5965
1664409600000,1657.6115,1664.904,1641.5765,1663.2165
1664496000000,1663.2015,1675.4,1659.3265,1660.52
1664668800000,1662.65,1665.52,1660.43,1664.695
1664755200000,1664.665,1702.005,1659.7455,1700.5
1664841600000,1700.4815,1729.6055,1695.237,1725.225
1664928000000,1725.23,1727.833,1700.622,1716.218
1665014400000,1716.2895,1725.603,1706.974,1711.91
1665100800000,1711.918,1714.87,1690.657,1694.975
1665273600000,1695.675,1699.943,1695.675,1697.52
1665360000000,1697.515,1698.33,1665.705,1668.95
1665446400000,1668.9565,1684.021,1661.069,1666.2265
1665532800000,1666.2215,1678.4035,1661.4585,1673.6915
1665619200000,1673.6815,1682.5005,1642.42,1665.6765
1665705600000,1665.67,1671.8185,1640.246,1644.595
1665878400000,1644.3,1647.2515,1643.542,1645.4765
1665964800000,1645.4865,1668.47,1645.24,1650.685
1666051200000,1650.67,1660.8995,1645.8895,1652.7
1666137600000,1652.725,1654.535,1627.77,1628.145
1666224000000,1628.135,1645.645,1622.4745,1626.735
1666310400000,1626.85,1658.275,1617.2845,1657.725
1666483200000,1658.1,1663.6755,1657.3745,1659.2605
1666569600000,1659.265,1671.0,1643.9495,1651.9095
1666656000000,1651.8995,1662.3945,1638.31,1652.495
1666742400000,1652.49,1674.92,1649.805,1665.245
1666828800000,1665.195,1670.85,1654.885,1662.295
1666915200000,1662.32,1667.0905,1638.125,1644.825
1667088000000,1644.25,1645.48,1641.7795,1643.545
1667174400000,1643.57,1645.68,1631.765,1632.49
1667260800000,1632.4945,1657.06,1630.7395,1646.895
1667347200000,1646.99,1669.5,1631.9245,1633.78
1667433600000,1633.8,1641.035,1616.695,1629.795
1667520000000,1629.8445,1682.0155,1629.4155,1681.55
1667692800000,1674.775,1680.4,1672.3495,1672.7545
1667779200000,1672.915,1681.9605,1666.9395,1674.18
1667865600000,1674.17,1716.94,1664.79,1711.67
1667952000000,1711.6455,1722.3855,1702.2705,1706.55
1668038400000,1706.555,1757.255,1704.04,1752.275
1668124800000,1752.25,1772.915,1747.33,1771.625
1668297600000,1766.36,1767.15,1761.4995,1763.525
1668384000000,1763.5,1775.1,1753.305,1769.55
1668470400000,1769.615,1786.54,1767.15,1780.9
1668556800000,1780.89,1785.105,1770.38,1773.95
1668643200000,1773.95,1774.885,1754.485,1760.145
1668729600000,1760.2,1767.77,1747.5345,1750.85
1668902400000,1750.645,1752.7,1750.35,1752.3995
1668988800000,1752.3945,1753.0545,1732.575,1738.625
1669075200000,1738.59,1749.77,1737.0695,1741.235
1669161600000,1741.25,1753.42,1728.292,1752.365
1669248000000,1752.4,1758.6645,1752.3555,1755.4745
1669334400000,1755.47,1761.1805,1746.055,1754.66
1669507200000,1756.42,1756.42,1750.2245,1750.98
1669593600000,1750.96,1763.8,1739.675,1741.325
1669680000000,1741.335,1759.08,1740.2795,1748.93
1669766400000,1748.941,1773.6,1744.9095,1773.5
1669852800000,1773.4645,1804.5,1772.115,1802.35
1669939200000,1802.4305,1803.0855,1778.615,1797.675
1670112000000,1796.555,1799.425,1794.4545,1799.0405
1670198400000,1799.03,1809.97,1766.001,1769.4495
1670284800000,1769.44,1780.885,1767.33,1771.0
1670371200000,1771.01,1790.5995,1768.81,1787.11
1670457600000,1787.175,1794.91,1781.5,1789.315
1670544000000,1789.34,1806.18,1788.55,1797.515
1670716800000,1795.95,1797.35,1794.85,1795.055
1670803200000,1794.98,1795.55,1777.611,1782.0785
1670889600000,1782.0585,1824.5065,1781.055,1809.7385
1670976000000,1809.7485,1814.23,1795.475,1807.735
1671062400000,1807.735,1807.895,1773.84,1776.65
1671148800000,1776.635,1794.3415,1774.3735,1793.1
1671321600000,1792.84,1793.6145,1791.0835,1791.1685
1671408000000,1791.139,1798.771,1783.9385,1787.285
1671494400000,1787.27,1821.185,1784.685,1817.315
1671580800000,1817.305,1823.845,1811.875,1815.015
1671667200000,1814.9835,1820.485,1784.87,1793.56
1671753600000,1793.585,1803.285,1791.255,1798.45
1672012800000,1800.925,1804.15,1800.395,1801.86
1672099200000,1801.89,1833.44,1800.769,1812.5
1672185600000,1812.475,1814.591,1797.0735,1805.885
1672272000000,1805.85,1820.215,1804.4235,1815.095
1672358400000,1815.11,1826.066,1813.345,1823.8575
1672617600000,1827.8,1830.895,1824.091,1829.47
1672704000000,1829.46,1850.0235,1826.86,1836.5165
1672790400000,1836.5365,1865.19,1836.2215,1854.8365
1672876800000,1854.81,1859.035,1825.1585,1832.905
1672963200000,1832.89,1869.94,1831.3565,1865.925
1673136000000,1867.8,1870.0255,1865.245,1869.76
1673222400000,1869.77,1881.634,1867.16,1870.575
1673308800000,1870.565,1880.795,1867.925,1877.32
1673395200000,1877.295,1886.7015,1867.201,1877.025
1673481600000,1877.04,1901.65,1873.7515,1898.115
1673568000000,1898.125,1921.899,1892.395,1920.35
1673740800000,1920.6,1922.895,1916.95,1917.0
1673827200000,1917.02,1929.055,1910.845,1917.99
1673913600000,1918.005,1919.085,1903.8385,1908.7215
1674000000000,1908.7165,1925.9365,1896.665,1906.9485
1674086400000,1906.985,1935.21,1901.025,1931.755
1674172800000,1931.74,1937.59,1920.655,1926.1
1674345600000,1927.05,1927.795,1923.905,1927.32
1674432000000,1927.33,1935.62,1911.43,1931.395
1674518400000,1931.405,1942.5015,1917.215,1937.075
1674604800000,1937.055,1948.905,1919.876,1948.365
1674691200000,1948.38,1949.2885,1918.8195,1930.83
1674777600000,1930.82,1935.094,1916.7385,1928.125
1674950400000,1927.6,1929.725,1925.69,1929.0285
1675036800000,1929.044,1934.6085,1920.7435,1922.155
1675123200000,1922.19,1931.1485,1900.8685,1927.3765
1675209600000,1927.3865,1956.254,1920.6,1953.15
1675296000000,1953.14,1959.789,1911.3635,1915.2085
1675382400000,1915.2135,1918.66,1861.4035,1865.15
1675555200000,1864.9,1870.014,1860.295,1865.61
1675641600000,1865.595,1881.3955,1863.095,1868.65
1675728000000,1868.6635,1884.5655,1865.0365,1873.075
1675814400000,1873.0535,1886.499,1869.125,1875.045
1675900800000,1875.04,1890.2565,1859.0235,1862.48
1675987200000,1862.495,1872.21,1852.7765,1865.55
1676160000000,1864.9,1865.5,1862.7065,1862.7565
1676246400000,1862.74,1866.59,1850.5,1854.5385
1676332800000,1854.5235,1870.71,1843.3335,1855.005
1676419200000,1854.99,1860.1735,1830.635,1836.505
1676505600000,1836.545,1845.3115,1827.7085,1834.4535
1676592000000,1834.4035,1843.67,1818.965,1842.35
1676764800000,1840.98,1842.2,1838.49,1838.785
1676851200000,1838.804,1847.56,1837.34,1841.865
1676937600000,1841.845,1843.905,1830.255,1834.755
1677024000000,1835.6,1846.06,1823.58,1824.82
1677110400000,1825.195,1833.885,1817.5485,1822.185
1677196800000,1823.28,1827.885,1809.07,1811.0835
1677456000000,1811.785,1820.21,1806.73,1817.29
1677542400000,1817.2735,1831.2,1804.798,1825.585
1677628800000,1825.5745,1844.555,1823.1065,1836.64
1677715200000,1836.62,1839.03,1830.045,1837.94
1677801600000,1837.925,1856.335,1837.85,1855.26
1678060800000,1852.4235,1858.3265,1845.185,1846.405
1678147200000,1846.38,1851.695,1812.945,1814.555
1678233600000,1814.02,1824.335,1809.4115,1815.37
1678320000000,1815.3905,1835.73,1811.975,1830.6485
1678406400000,1831.6015,1870.0965,1827.8385,1869.8615
1678579200000,1873.199,1894.593,1873.199,1883.972
1678665600000,1877.865,1914.175,1871.5065,1912.1735
1678752000000,1912.175,1914.1645,1895.4315,1903.1365
1678838400000,1903.125,1937.465,1885.745,1920.328
1678924800000,1921.3,1932.43,1907.605,1921.44
1679011200000,1921.455,1987.8105,1918.29,1983.655
1679184000000,1984.975,1990.787,1975.09,1977.4
1679270400000,1977.1055,2009.855,1967.275,1976.705
1679356800000,1976.7235,1985.195,1936.105,1943.2035
1679443200000,1943.205,1978.8785,1934.33,1965.652
1679529600000,1969.74,2003.35,1966.415,1992.03
1679616000000,1991.38,2003.062,1975.71,1976.055
1679788800000,1980.7,1980.7,1969.425,1973.92
1679875200000,1975.835,1978.77,1944.0705,1957.278
1679961600000,1958.185,1975.1665,1949.1965,1973.152
1680048000000,1973.03,1973.795,1958.775,1964.36
1680134400000,1964.43,1983.535,1955.3845,1979.18
1680220800000,1979.22,1987.6735,1968.37,1969.175
1680393600000,1972.75,1972.75,1960.2735,1962.65
1680480000000,1957.18,1990.52,1949.785,1984.045
1680566400000,1985.005,2024.9915,1977.03,2021.9065
1680652800000,2020.708,2032.085,2010.0885,2021.085
1680739200000,2020.428,2021.1165,2001.0475,2007.139
1681084800000,2005.64,2006.08,1986.285,1991.5715
1681171200000,1991.45,2007.4715,1988.8,2003.925
1681257600000,2004.7965,2028.3685,2003.2,2015.225
1681344000000,2018.25,2048.7255,2015.3645,2040.17
1681430400000,2039.8,2047.5,1992.445,2004.3
1681689600000,2001.302,2015.055,1981.188,1994.68
1681776000000,1994.035,2011.8965,1991.3635,2005.35
1681862400000,2005.585,2008.21,1971.3885,1994.54
1681948800000,1993.82,2008.385,1990.56,2003.2485
1682035200000,2004.767,2005.67,1971.695,1979.24
1682294400000,1984.078,1989.9165,1976.525,1989.2
1682380800000,1992.702,2001.025,1976.7585,1997.725
1682467200000,2000.27,2009.4295,1985.5395,1988.8565
1682553600000,1990.25,2003.245,1974.1155,1987.875
1682640000000,1986.87,1994.14,1976.215,1989.23
1682899200000,1989.23,2005.392,1977.1455,1982.15
1682985600000,1981.495,2019.4215,1978.5045,2016.65
1683072000000,2015.758,2080.4085,2008.067,2056.75
1683158400000,2051.9995,2059.7135,2030.3945,2049.585
1683244800000,2049.158,2053.08,2001.1285,2017.7995
1683504000000,2016.1395,2029.3545,2015.2295,2022.258
1683590400000,2021.3695,2037.588,2019.4795,2034.3215
1683676800000,2036.153,2048.303,2021.5595,2030.395
1683763200000,2030.938,2041.418,2013.2535,2014.2785
1683849600000,2016.073,2021.6145,2000.9895,2010.75
1684108800000,2011.093,2022.2495,2008.755,2015.0735
1684195200000,2016.003,2018.42,1985.575,1989.9865
1684281600000,1990.088,1993.1485,1979.6295,1982.015
1684368000000,1983.038,1986.0895,1954.23,1958.668
1684454400000,1958.485,1984.2935,1954.075,1976.225
1684627200000,1977.33,1981.395,1977.33,1980.27
1684713600000,1980.905,1982.675,1969.87,1972.2435
1684800000000,1971.388,1977.7345,1954.2445,1977.002
1684886400000,1975.115,1982.1035,1958.14,1959.07
1684972800000,1961.132,1964.7685,1938.8465,1941.3535
1685059200000,1942.34,1957.3805,1936.815,1946.2805
1685318400000,1944.1,1949.665,1940.315,1943.137
1685404800000,1941.593,1962.35,1932.085,1958.683
1685491200000,1958.5845,1974.7865,1953.6665,1966.517
1685577600000,1966.415,1982.71,1953.425,1977.425
1685664000000,1977.12,1983.48,1948.1415,1948.7385
1685836800000,1947.4735,1950.22,1947.0005,1949.033
1685923200000,1949.405,1962.6705,1938.205,1961.75
1686009600000,1962.5,1966.35,1954.435,1963.3335
1686096000000,1963.778,1969.81,1939.84,1942.38
1686182400000,1944.58,1970.5265,1942.895,1966.185
1686268800000,1965.395,1967.01,1956.635,1961.18
1686528000000,1959.03,1967.015,1949.5135,1958.39
1686614400000,1960.005,1966.2365,1940.095,1943.59
1686700800000,1944.165,1960.3705,1939.7615,1944.108
1686787200000,1945.34,1960.245,1925.11,1958.573
1686873600000,1958.28,1968.0005,1953.3385,1957.785
1687132800000,1958.15,1958.845,1949.09,1952.29
1687219200000,1952.5485,1956.825,1931.07,1936.205
1687305600000,1936.68,1939.54,1924.29,1932.55
1687392000000,1933.965,1934.3285,1912.5035,1913.815
1687478400000,1914.54,1933.1345,1910.2405,1920.925
1687737600000,1925.425,1933.4085,1922.22,1924.737
1687824000000,1922.4815,1930.53,1911.6055,1914.035
1687910400000,1915.023,1917.325,1905.6515,1912.2215
1687996800000,1909.985,1913.165,1895.595,1908.265
1688083200000,1908.8205,1920.6585,1900.615,1920.075
1688342400000,1919.428,1930.3365,1910.1335,1921.4635
1688428800000,1921.255,1930.705,1919.928,1926.267
1688515200000,1926.4205,1935.07,1915.2785,1915.8985
1688601600000,1916.318,1927.675,1902.68,1911.06
1688688000000,1911.72,1934.16,1909.685,1924.975
1688947200000,1924.985,1926.98,1914.04,1925.16
1689033600000,1924.935,1938.415,1924.51,1933.485
1689120000000,1933.4255,1958.345,1933.3285,1957.78
1689206400000,1957.835,1963.43,1954.79,1960.03
1689292800000,1960.0995,1963.7885,1951.0185,1955.175
1689552000000,1953.19,1959.275,1945.845,1955.4135
1689638400000,1955.08,1983.6965,1954.7685,1978.86
1689724800000,1977.53,1980.95,1971.7,1978.51
1689811200000,1977.49,1987.555,1965.3665,1970.7415
1689897600000,1972.33,1973.875,1958.095,1961.835
1690070400000,1962.25,1963.0205,1961.705,1962.0
1690156800000,1961.2165,1967.74,1954.1135,1955.01
1690243200000,1954.53,1966.315,1952.0265,1964.64
1690329600000,1965.395,1978.3345,1962.1,1973.5615
1690416000000,1972.075,1982.27,1943.34,1944.2885
1690502400000,1946.9885,1962.455,1945.495,1959.31
1690675200000,1959.5565,1960.63,1958.6,1960.16
1690761600000,1960.203,1972.475,1950.8085,1965.645
1690848000000,1965.6685,1965.745,1941.2715,1951.21
1690934400000,1951.3445,1954.835,1933.05,1936.495
1691020800000,1936.46,1938.9835,1929.6,1935.5815
1691107200000,1935.5615,1946.9965,1925.282,1942.96
1691280000000,1942.7065,1946.8205,1942.11,1943.788
1691366400000,1943.793,1945.365,1931.53,1936.1285
1691452800000,1936.13,1938.13,1922.805,1925.0885
1691539200000,1925.0735,1932.4,1914.115,1916.3635
1691625600000,1916.38,1930.155,1912.1,1912.7685
1691712000000,1912.665,1921.025,1910.95,1913.8
1691884800000,1913.175,1915.3105,1912.6585,1913.77
1691971200000,1913.768,1916.28,1902.7335,1907.6335
1692057600000,1907.6285,1911.695,1896.4455,1901.5185
1692144000000,1901.51,1907.24,1891.6,1894.4135
1692230400000,1894.4185,1903.5435,1885.07,1889.9465
1692316800000,1889.9515,1896.89,1886.8385,1889.5
1692489600000,1889.765,1890.91,1889.377,1890.4
1692576000000,1890.3615,1898.83,1884.905,1895.095
1692662400000,1895.11,1904.5785,1889.1865,1897.99
1692748800000,1897.99,1920.42,1897.805,1917.0985
1692835200000,1917.1,1923.39,1911.815,1916.99
1692921600000,1916.9885,1922.425,1903.86,1915.35
1693094400000,1916.1,1916.585,1914.6265,1914.965
1693180800000,1914.99,1926.105,1912.845,1920.855
1693267200000,1920.8435,1938.245,1914.515,1937.225
1693353600000,1937.235,1949.11,1935.0065,1944.6685
1693440000000,1944.6635,1947.96,1939.0445,1940.1765
1693526400000,1940.15,1953.0745,1934.5035,1939.77
1693699200000,1940.4515,1940.6365,1939.455,1939.61
1693785600000,1939.6165,1946.3535,1936.8335,1938.1985
1693872000000,1938.1885,1939.05,1925.375,1926.4485
1693958400000,1926.4385,1929.225,1915.35,1917.6385
1694044800000,1917.72,1923.64,1916.265,1919.8115
1694131200000,1919.79,1929.76,1917.385,1918.9
1694304000000,1920.3335,1920.9835,1918.0065,1918.3295
1694390400000,1918.2985,1930.7365,1916.78,1922.558
1694476800000,1922.56,1924.58,1907.6365,1913.5465
1694563200000,1913.56,1915.805,1905.7255,1908.8985
1694649600000,1908.95,1912.9835,1901.0515,1910.4265
1694736000000,1910.4165,1930.4565,1909.8985,1923.83
1694908800000,1924.26,1924.62,1923.52,1923.7385
1694995200000,1923.75,1934.315,1922.5665,1933.74
1695081600000,1933.72,1937.42,1929.82,1931.9335
1695168000000,1931.92,1947.465,1928.005,1931.1785
1695254400000,1931.23,1931.23,1913.9415,1920.1935
1695340800000,1920.2,1929.16,1920.18,1925.23
1695513600000,1924.955,1926.563,1924.955,1925.81
1695600000000,1925.85,1927.265,1915.205,1916.5885
1695686400000,1916.6185,1916.7735,1899.15,1900.9685
1695772800000,1900.97,1903.9885,1872.6035,1877.06
1695859200000,1877.0615,1879.64,1857.7,1864.41
1695945600000,1864.38,1879.92,1846.35,1848.63
1696118400000,1848.24,1848.8335,1845.78,1846.51
1696204800000,1846.5085,1849.02,1827.225,1828.2185
1696291200000,1828.2215,1833.405,1815.39,1822.6635
1696377600000,1822.68,1830.705,1816.6335,1822.4135
1696464000000,1822.43,1829.25,1813.07,1821.2215
1696550400000,1821.24,1834.89,1810.4465,1833.075
1696723200000,1847.83,1855.63,1845.58,1849.8915
1696809600000,1849.9015,1863.5585,1844.2885,1861.5435
1696896000000,1861.48,1865.46,1853.0565,1859.87
1696982400000,1859.86,1877.25,1858.68,1874.71
1697068800000,1874.72,1885.19,1867.97,1869.79
1697155200000,1869.79,1933.16,1869.75,1933.06
1697328000000,1928.9,1929.875,1921.29,1924.51
1697414400000,1924.54,1926.39,1908.235,1918.945
1697500800000,1918.93,1931.5945,1912.4885,1924.93
1697587200000,1924.9515,1962.705,1923.8315,1949.7735
1697673600000,1949.7885,1977.725,1945.285,1972.6035
1697760000000,1972.62,1997.2985,1972.065,1981.225
1697932800000,1967.77,1978.68,1965.1005,1976.3785
1698019200000,1976.38,1982.87,1964.425,1973.0735
1698105600000,1973.0785,1980.9,1953.603,1970.5715
1698192000000,1970.59,1987.32,1963.063,1982.17
1698278400000,1982.17,1993.5535,1971.81,1985.3415
1698364800000,1985.3915,2009.55,1976.9135,2006.45
1698537600000,2004.43,2006.9,1997.0145,2002.84
1698624000000,2002.875,2006.86,1990.985,1995.6
1698710400000,1995.4665,2007.9345,1978.905,1983.81
1698796800000,1983.805,1992.1555,1969.975,1985.17
1698883200000,1985.14,1991.08,1978.92,1985.035
1698969600000,1985.04,2004.1165,1983.325,1992.58
1699142400000,1992.5,1992.992,1987.22,1988.595
1699228800000,1988.59,1993.13,1975.87,1976.835
1699315200000,1976.87,1977.13,1956.78,1968.9715
1699401600000,1968.9665,1971.13,1947.4835,1950.9785
1699488000000,1950.9685,1965.685,1944.7005,1959.2385
1699574400000,1959.2335,1960.84,1933.0685,1938.475
1699747200000,1939.155,1941.835,1935.325,1940.4565
1699833600000,1940.4285,1949.26,1931.7035,1946.625
1699920000000,1946.63,1970.98,1938.41,1962.52
1700006400000,1962.56,1975.3565,1955.48,1960.4635
1700092800000,1960.46,1988.0015,1956.525,1982.69
1700179200000,1982.66,1993.5085,1978.6415,1980.75
1700352000000,1978.4,1978.92,1974.31,1974.685
1700438400000,1974.68,1985.25,1965.51,1981.34
1700524800000,1981.325,2007.64,1980.815,1999.4
1700611200000,1999.36,2006.4715,1986.98,1990.5065
1700697600000,1990.4865,1998.5615,1989.8535,1994.175
1700784000000,1994.21,2003.675,1991.5115,2000.65
1700956800000,2001.975,2003.2055,2000.627,2002.4665
1701043200000,2002.445,2018.1955,2001.8955,2015.295
1701129600000,2015.3,2044.595,2011.6715,2044.47
1701216000000,2044.535,2052.05,2035.395,2044.74
1701302400000,2044.7785,2047.2515,2031.5465,2040.15
1701388800000,2040.21,2075.42,2033.965,2072.02
1701561600000,2073.49,2145.5635,2071.8545,2118.125
1701648000000,2118.285,2121.2425,2020.09,2034.125
1701734400000,2034.0985,2041.305,2009.9785,2019.02
1701820800000,2019.0,2035.945,2018.81,2027.175
1701907200000,2027.165,2039.9415,2020.235,2028.16
1701993600000,2028.1335,2034.0495,1994.725,2004.62
1702166400000,2003.6395,2007.7185,2003.3245,2007.115
1702252800000,2007.14,2007.85,1975.895,1983.07
1702339200000,1983.015,1996.8555,1977.2835,1982.585
1702425600000,1982.615,2033.205,1973.115,2032.945
1702512000000,2032.91,2047.94,2027.6,2035.59
1702598400000,2035.69,2044.96,2015.67,2019.8255
1702771200000,2019.8,2021.08,2016.07,2017.505
1702857600000,2017.535,2033.775,2016.1,2027.68
1702944000000,2027.75,2047.01,2021.75,2041.045
1703030400000,2041.0,2043.53,2027.4915,2032.2935
1703116800000,2032.25,2055.0365,2032.085,2052.845
1703203200000,2052.865,2070.71,2046.87,2053.09
1703462400000,2054.025,2058.6,2053.845,2054.945
1703548800000,2054.94,2069.0865,2053.5435,2066.2315
1703635200000,2066.245,2084.5,2061.55,2079.615
1703721600000,2079.6555,2088.515,2064.6665,2066.85
1703808000000,2066.84,2074.86,2058.2785,2062.9
1704067200000,2063.58,2066.8805,2063.25,2063.8055
1704153600000,2063.8105,2078.985,2055.9815,2059.63
1704240000000,2059.645,2066.005,2030.7,2043.045
1704326400000,2043.015,2051.03,2036.3235,2044.2715
1704412800000,2044.2865,2064.0065,2024.475,2045.665
1704585600000,2045.37,2045.755,2042.995,2044.375
1704672000000,2044.41,2046.685,2016.7995,2030.85
1704758400000,2030.84,2042.0065,2026.17,2030.845
1704844800000,2030.8495,2040.3805,2020.5485,2026.84
1704931200000,2026.88,2045.312,2013.4085,2035.315
1705017600000,2035.245,2062.315,2030.125,2043.98
1705190400000,2049.4,2049.4,2046.4185,2047.66
1705276800000,2047.685,2058.6685,2045.855,2054.0685
1705363200000,2054.1835,2054.605,2024.34,2028.19
1705449600000,2028.205,2032.98,2001.905,2009.62
1705536000000,2009.65,2024.85,2005.855,2023.85
1705622400000,2023.845,2039.455,2020.5135,2029.69
1705795200000,2030.01,2030.01,2027.0085,2027.7
1705881600000,2027.685,2032.15,2016.6065,2020.785
1705968000000,2020.84,2037.9515,2019.66,2029.415
1706054400000,2029.4,2036.77,2011.255,2016.41
1706140800000,2016.455,2025.3115,2009.675,2020.735
1706227200000,2020.79,2027.01,2016.015,2018.465
1706400000000,2024.73,2028.6695,2021.355,2021.96
1706486400000,2022.035,2037.625,2019.36,2031.18
1706572800000,2031.19,2048.6315,2029.13,2036.53
1706659200000,2036.56,2056.02,2031.0625,2039.975
1706745600000,2040.005,2065.4865,2030.08,2054.92
1706832000000,2054.905,2057.705,2027.835,2039.865
1707004800000,2040.5,2042.35,2039.235,2039.29
1707091200000,2039.32,2039.9235,2014.9835,2025.175
1707177600000,2025.1735,2038.94,2022.975,2035.345
1707264000000,2035.305,2044.63,2030.655,2036.55
1707350400000,2036.54,2038.79,2020.25,2034.335
1707436800000,2034.35,2037.242,2020.3685,2024.7505
1707609600000,2023.7605,2026.955,2023.54,2025.495
1707696000000,2025.52,2027.665,2011.945,2019.02
1707782400000,2018.99,2033.065,1990.1585,1991.5935
1707868800000,1991.5885,1996.175,1984.3,1993.795
1707955200000,1993.83,2008.345,1990.3285,2003.52
1708041600000,2003.5855,2015.24,1995.145,2013.34
1708214400000,2015.3055,2016.54,2011.665,2014.04
1708300800000,2013.9895,2023.06,2013.33,2016.24
1708387200000,2016.265,2030.9335,2015.1085,2024.29
1708473600000,2024.33,2032.39,2020.08,2025.8315
1708560000000,2025.8265,2034.835,2019.7135,2024.805
1708646400000,2024.85,2041.4435,2016.125,2035.575
1708819200000,2034.615,2035.0585,2032.925,2034.095
1708905600000,2034.13,2037.1485,2025.13,2031.3885
1708992000000,2031.3585,2039.52,2028.8735,2030.2
1709078400000,2030.225,2037.96,2024.54,2034.6965
1709164800000,2034.75,2050.77,2028.17,2044.375
1709251200000,2044.365,2088.385,2039.09,2082.77
1709424000000,2082.21,2086.32,2082.16,2083.6435
1709510400000,2083.635,2119.975,2079.4615,2114.63
1709596800000,2114.61,2141.9065,2110.535,2128.13
1709683200000,2128.1335,2152.26,2123.77,2147.445
1709769600000,2147.4,2164.8335,2144.2315,2162.025
1709856000000,2162.02,2195.26,2154.055,2179.315
1710028800000,2179.985,2183.91,2177.25,2181.7
1710115200000,2181.745,2189.115,2174.8735,2183.715
1710201600000,2183.71,2184.58,2150.66,2157.04
1710288000000,2157.05,2179.905,2156.6985,2175.525
1710374400000,2175.51,2177.0265,2152.8335,2161.71
1710460800000,2161.755,2172.785,2155.29,2155.91
1710633600000,2155.69,2156.945,2151.76,2156.6165
1710720000000,2156.6065,2163.625,2146.16,2162.19
1710806400000,2162.24,2162.905,2147.21,2157.12
1710892800000,2157.14,2223.005,2149.645,2204.02
1710979200000,2204.045,2212.535,2166.4345,2181.88
1711065600000,2181.9035,2186.125,2157.1735,2165.36
1711238400000,2165.79,2168.955,2165.2555,2168.435
1711324800000,2168.495,2181.3735,2163.6135,2172.9955
1711411200000,2172.985,2200.16,2167.6415,2179.5315
1711497600000,2179.54,2197.65,2173.52,2190.725
1711584000000,2190.735,2236.759,2187.405,2233.05
1711843200000,2239.2685,2247.4455,2235.0735,2246.07
1711929600000,2246.115,2265.77,2228.565,2249.06
1712016000000,2249.04,2288.4535,2246.745,2280.015
1712102400000,2279.8395,2302.8,2265.6035,2297.62
1712188800000,2297.685,2305.645,2279.7965,2288.81
1712275200000,2288.85,2330.525,2267.8185,2329.6
1712448000000,2323.365,2328.545,2304.0765,2311.32
1712534400000,2311.405,2354.14,2302.975,2338.895
1712620800000,2338.9,2365.375,2337.9085,2354.92
1712707200000,2354.89,2360.2035,2319.4385,2335.62
1712793600000,2335.685,2379.645,2325.8045,2376.905
1712880000000,2377.08,2431.5735,2333.9115,2344.215
1713052800000,2352.9,2372.8835,2347.1055,2364.79
1713139200000,2364.835,2392.245,2324.195,2382.015
1713225600000,2381.9295,2398.3465,2363.0345,2382.765
1713312000000,2382.775,2395.6115,2354.7905,2367.9705
1713398400000,2367.9855,2392.8145,2364.1755,2379.965
1713484800000,2379.85,2417.96,2372.9635,2390.52
1713657600000,2388.05,2388.68,2381.71,2386.585
1713744000000,2386.59,2386.62,2324.725,2333.895
1713830400000,2333.82,2334.505,2291.485,2323.36
1713916800000,2323.41,2337.3665,2311.815,2316.2985
1714003200000,2316.2935,2344.9015,2305.0835,2330.73
1714089600000,2330.715,2352.6115,2326.35,2337.8
1714262400000,2336.515,2337.745,2332.64,2336.015
1714348800000,2335.945,2346.795,2319.9165,2333.205
1714435200000,2333.19,2336.24,2285.205,2291.445
1714521600000,2291.38,2328.445,2281.69,2323.8165
1714608000000,2323.8365,2326.51,2285.575,2304.32
1714694400000,2304.315,2320.6815,2277.3585,2302.035
1714867200000,2305.09,2306.15,2293.415,2294.115
1714953600000,2294.105,2332.1665,2291.8835,2326.095
1715040000000,2326.14,2329.9515,2310.0365,2315.295
1715126400000,2315.315,2321.53,2303.745,2308.885
1715212800000,2308.9485,2348.3885,2306.8245,2346.5945
1715299200000,2346.6885,2378.565,2346.06,2360.72
1715472000000,2363.31,2364.31,2359.815,2360.4765
1715558400000,2360.535,2364.545,2332.1955,2338.4685
1715644800000,2338.475,2359.72,2334.88,2355.8935
1715731200000,2355.9,2391.9885,2351.9435,2391.9085
1715817600000,2391.9285,2397.4985,2371.065,2377.9035
1715904000000,2377.9485,2422.7685,2373.9965,2415.21
1716076800000,2417.9865,2425.4,2416.925,2420.3685
1716163200000,2420.385,2450.1365,2407.355,2426.2885
1716249600000,2426.3135,2433.9965,2406.352,2421.81
1716336000000,2421.815,2426.605,2375.0285,2382.2935
1716422400000,2382.2985,2383.815,2327.0635,2332.0765
1716508800000,2332.0865,2347.52,2325.45,2334.0
1716681600000,2337.1335,2340.7765,2332.355,2337.27
1716768000000,2337.285,2358.5715,2334.5165,2352.5385
1716854400000,2352.5435,2364.155,2340.3355,2359.885
1716940800000,2359.7,2361.4485,2334.6015,2338.4885
1717027200000,2338.44,2351.8965,2322.6615,2344.0595
1717113600000,2344.06,2359.7715,2320.59,2327.405
1717286400000,2327.8,2329.555,2323.3905,2325.955
1717372800000,2325.9785,2354.785,2314.8135,2350.695
1717459200000,2350.695,2352.84,2315.687,2328.8715
1717545600000,2328.88,2358.0685,2325.98,2355.1235
1717632000000,2355.15,2378.5765,2353.5135,2376.915
1717718400000,2376.905,2387.795,2286.8365,2293.78
1717891200000,2294.74,2300.1865,2289.29,2298.5565
1717977600000,2298.55,2313.845,2287.855,2309.9915
1718064000000,2310.0135,2320.0185,2297.805,2315.2065
1718150400000,2315.2385,2341.695,2310.793,2320.6415
1718236800000,2320.64,2326.7085,2295.61,2302.4065
1718323200000,2302.375,2336.705,2301.6185,2332.6845
1718496000000,2332.0,2332.7315,2327.4565,2328.955
1718582400000,2328.965,2329.025,2310.0585,2320.7685
1718668800000,2320.775,2333.165,2306.655,2328.4
1718755200000,2328.43,2335.0565,2323.9845,2329.4585
1718841600000,2329.485,2365.555,2327.8165,2360.9135
1718928000000,2360.9265,2368.7565,2316.7865,2322.05
1719100800000,2323.635,2323.635,2317.77,2319.2785
1719187200000,2319.2,2334.7975,2318.0115,2330.95
1719273600000,2331.01,2337.1815,2315.6235,2320.0915
1719360000000,2320.065,2323.9965,2293.7045,2298.4515
1719446400000,2298.48,2330.99,2296.5935,2327.7815
1719532800000,2327.7965,2339.8115,2319.12,2326.65
1719705600000,2327.04,2327.3,2322.92,2325.035
1719792000000,2325.03,2338.5615,2318.5985,2332.3215
1719878400000,2332.3,2336.8715,2319.145,2330.3365
1719964800000,2330.325,2364.99,2326.8935,2358.895
1720051200000,2358.92,2362.59,2350.5695,2356.8335
1720137600000,2356.8135,2392.9985,2349.1085,2391.255
1720310400000,2386.3615,2390.2215,2384.8685,2386.155
1720396800000,2386.145,2391.135,2351.135,2361.8335
1720483200000,2361.8435,2371.5665,2349.615,2365.11
1720569600000,2365.0365,2386.7315,2363.3715,2372.893
1720656000000,2372.9,2424.585,2371.5535,2416.0435
1720742400000,2416.0535,2418.305,2391.52,2411.215
1720915200000,2412.98,2415.185,2405.745,2408.735
1721001600000,2408.77,2439.785,2401.41,2422.6285
1721088000000,2422.635,2470.0535,2420.0335,2468.36
1721174400000,2468.3265,2483.7415,2451.6185,2461.3985
1721260800000,2461.415,2475.0,2440.38,2441.3415
1721347200000,2441.3215,2441.405,2393.895,2401.1105
1721520000000,2402.2,2412.0455,2401.23,2411.6135
1721606400000,2411.645,2412.255,2383.91,2395.765
1721692800000,2395.76,2412.0965,2388.345,2408.5815
1721779200000,2408.6015,2432.06,2393.12,2398.7735
1721865600000,2398.7985,2400.1435,2353.2055,2363.85
1721952000000,2363.915,2390.85,2355.9215,2387.45
1722124800000,2388.295,2403.28,2387.46,2397.0885
1722211200000,2397.1635,2402.5735,2369.6965,2381.1815
1722297600000,2381.29,2412.885,2376.5515,2409.88
1722384000000,2409.9,2450.975,2403.97,2445.8315
1722470400000,2445.82,2462.34,2430.2735,2445.9135
1722556800000,2445.9335,2477.7295,2410.9,2443.85
1722729600000,2444.555,2447.65,2438.0835,2441.0585
1722816000000,2441.0485,2458.9035,2364.2995,2404.9005
1722902400000,2404.9105,2418.4135,2381.7145,2383.9765
1722988800000,2383.97,2407.1115,2379.09,2384.895
1723075200000,2384.8985,2428.037,2383.295,2424.665
1723161600000,2424.685,2437.0995,2416.97,2431.145
1723334400000,2431.2,2433.5385,2427.06,2427.95
1723420800000,2428.03,2476.065,2423.91,2475.635
1723507200000,2475.645,2477.02,2458.56,2464.18
1723593600000,2464.1935,2480.025,2438.1625,2449.515
1723680000000,2449.53,2470.15,2432.235,2457.39
1723766400000,2457.42,2509.7815,2450.78,2507.6345
1723939200000,2509.2,2510.1665,2502.3945,2506.5135
1724025600000,2506.5235,2507.5285,2485.7,2503.71
1724112000000,2503.7935,2531.76,2497.415,2513.015
1724198400000,2513.005,2520.01,2494.075,2512.775
1724284800000,2512.84,2514.745,2470.8335,2487.69
1724371200000,2487.68,2518.415,2486.58,2512.665
1724544000000,2511.6,2516.7505,2510.915,2515.99
1724630400000,2516.0,2526.905,2508.8185,2515.55
1724716800000,2515.56,2529.1115,2503.59,2525.3665
1724803200000,2525.355,2525.93,2493.6835,2508.243
1724889600000,2508.248,2528.7465,2503.71,2519.65
1724976000000,2519.695,2526.935,2494.242,2503.39
1725148800000,2502.73,2504.7605,2501.875,2503.09
1725235200000,2503.08,2507.305,2490.125,2497.35
1725321600000,2497.3335,2506.345,2473.4435,2493.35
1725408000000,2493.31,2500.3555,2471.8815,2495.915
1725494400000,2495.9765,2523.5615,2493.8785,2517.3385
1725580800000,2517.37,2529.305,2485.2055,2497.42
1725753600000,2498.0,2498.3645,2495.62,2496.95
1725840000000,2496.98,2507.74,2485.63,2506.835
1725926400000,2506.87,2518.9015,2500.2115,2518.75
1726012800000,2518.7215,2529.085,2501.0335,2512.0
1726099200000,2511.9835,2560.1465,2511.085,2558.5445
1726185600000,2558.5395,2586.145,2556.83,2578.015
1726358400000,2579.02,2580.7,2577.618,2579.205
1726444800000,2579.2,2589.695,2575.335,2583.775
1726531200000,2583.77,2587.03,2560.9845,2574.095
1726617600000,2574.085,2600.2555,2546.8805,2559.3535
1726704000000,2559.3585,2594.915,2551.2235,2587.3255
1726790400000,2587.3205,2625.7685,2584.8545,2622.1
1726963200000,2621.2,2622.95,2618.46,2620.35
1727049600000,2620.345,2634.9,2613.905,2626.405
1727136000000,2626.42,2664.3895,2622.695,2658.2485
1727222400000,2658.26,2670.575,2649.865,2656.405
1727308800000,2656.4145,2685.595,2654.8685,2672.705
1727395200000,2672.69,2674.31,2643.2515,2658.425
1727568000000,2658.47,2665.1155,2657.32,2663.6165
1727654400000,2663.6365,2666.0315,2624.78,2635.7635
1727740800000,2635.79,2673.1615,2634.0185,2660.4065
1727827200000,2660.395,2663.418,2641.1645,2660.335
1727913600000,2660.345,2662.995,2638.584,2655.84
1728000000000,2655.87,2670.2035,2632.187,2653.78
1728172800000,2651.3385,2652.8355,2649.4635,2650.26
1728259200000,2650.295,2659.675,2637.8815,2643.08
1728345600000,2643.1,2652.9935,2604.7845,2622.055
1728432000000,2622.04,2624.385,2605.21,2608.8485
1728518400000,2607.135,2636.0735,2603.171,2633.215
1728604800000,2633.26,2661.4565,2632.1335,2657.365
1728777600000,2657.1,2657.15,2645.3555,2648.085
1728864000000,2648.155,2666.9105,2643.2585,2649.485
1728950400000,2649.47,2668.97,2638.15,2660.545
1729036800000,2660.47,2685.4215,2658.7665,2674.1565
1729123200000,2674.225,2696.7865,2673.233,2693.855
1729209600000,2693.87,2722.61,2692.915,2721.6
1729382400000,2720.9,2725.155,2719.755,2723.535
1729468800000,2723.615,2740.6265,2714.3285,2721.5235
1729555200000,2721.5335,2748.995,2720.725,2746.5865
1729641600000,2746.575,2758.527,2708.8235,2721.3915
1729728000000,2721.385,2743.3635,2717.9145,2733.8665
1729814400000,2733.8515,2747.95,2717.085,2747.42
1729987200000,2736.5,2740.315,2730.36,2735.885
1730073600000,2735.905,2745.965,2724.77,2744.49
1730160000000,2744.52,2775.5115,2743.345,2775.1035
1730246400000,2775.145,2790.08,2770.9585,2785.41
1730332800000,2785.418,2790.155,2731.63,2746.755
1730419200000,2746.765,2762.2665,2733.275,2736.4
1730592000000,2734.2,2740.425,2730.451,2738.46
1730678400000,2738.435,2748.235,2731.8265,2736.075
1730764800000,2736.1,2750.04,2724.83,2745.705
1730851200000,2745.7,2749.72,2652.49,2664.105
1730937600000,2664.115,2710.438,2643.405,2706.9855
1731024000000,2706.955,2710.43,2680.385,2684.32
1731196800000,2684.8,2685.7585,2679.52,2685.71
1731283200000,2685.735,2686.2305,2610.7055,2624.0835
1731369600000,2624.085,2627.2035,2589.7065,2598.98
1731456000000,2599.015,2618.895,2569.4045,2570.9345
1731542400000,2570.9365,2577.51,2536.8695,2566.985
1731628800000,2566.965,2576.1265,2554.5385,2563.2
1731801600000,2564.8815,2575.5065,2564.46,2571.47
1731888000000,2571.465,2615.14,2569.92,2612.66
1731974400000,2612.69,2639.51,2611.12,2635.205
1732060800000,2635.2005,2655.45,2618.905,2652.265
1732147200000,2652.28,2673.58,2650.4895,2669.1915
1732233600000,2669.1865,2716.4335,2668.8915,2716.3305
1732406400000,2714.1385,2721.425,2691.301,2719.92
1732492800000,2719.875,2720.2,2605.3585,2610.635
1732579200000,2610.64,2641.9695,2608.7415,2632.315
1732665600000,2632.35,2658.3115,2627.145,2637.1555
1732752000000,2637.1755,2649.715,2620.9955,2638.835
1732838400000,2638.82,2666.4,2634.1285,2650.1835
1733011200000,2653.9885,2653.9885,2643.16,2645.805
1733097600000,2645.8915,2651.8315,2622.0525,2642.305
1733184000000,2642.34,2655.6665,2634.1585,2642.8
1733270400000,2642.805,2657.1665,2632.47,2650.4215
1733356800000,2650.4465,2655.6385,2623.59,2633.85
1733443200000,2633.855,2645.7585,2613.1905,2633.395
1733616000000,2647.0625,2648.3675,2636.3665,2640.12
1733702400000,2640.115,2676.47,2627.6365,2660.615
1733788800000,2660.605,2698.4635,2658.04,2696.0915
1733875200000,2696.1,2721.29,2675.475,2720.1605
1733961600000,2719.36,2725.925,2675.2035,2680.7535
1734048000000,2680.7845,2692.87,2646.2185,2648.355
1734220800000,2650.0,2653.1235,2648.7565,2651.5735
1734307200000,2651.5435,2664.475,2643.588,2651.8
1734393600000,2651.8035,2658.705,2633.0985,2647.4915
1734480000000,2647.475,2651.79,2582.8845,2588.2715
1734566400000,2588.2765,2626.545,2587.01,2593.605
1734652800000,2593.595,2631.8865,2589.69,2623.3605
1734825600000,2624.075,2624.885,2621.638,2624.432
1734912000000,2624.495,2633.3505,2608.2555,2615.6165
1734998400000,2615.647,2621.49,2610.1185,2616.775
1735084800000,2619.825,2620.1705,2615.2085,2618.635
1735171200000,2618.645,2639.175,2618.5755,2632.6565
1735257600000,2632.6165,2638.3915,2611.7,2621.5015
1735430400000,2620.6345,2626.345,2619.425,2624.1
1735516800000,2624.178,2628.165,2596.1435,2606.7815
1735603200000,2606.7395,2627.573,2602.7235,2624.525
1735689600000,2625.845,2626.275,2621.785,2623.845
1735776000000,2623.9035,2660.5395,2622.775,2658.5255
1735862400000,2658.4855,2665.3885,2636.8285,2640.225
1736035200000,2640.1,2642.5185,2639.1085,2641.1015
1736121600000,2641.095,2649.53,2614.6955,2634.71
1736208000000,2634.7565,2664.3315,2633.0235,2649.85
1736294400000,2649.705,2670.0195,2645.365,2662.72
1736380800000,2662.715,2678.5735,2655.555,2670.05
1736467200000,2670.095,2698.107,2663.9205,2690.45
1736640000000,2690.95,2691.2715,2687.582,2691.2565
1736726400000,2691.2205,2693.49,2656.835,2668.005
1736812800000,2668.0,2679.6825,2659.9385,2675.668
1736899200000,2675.688,2698.0215,2669.503,2695.015
1736985600000,2695.045,2724.823,2689.985,2714.66
1737072000000,2714.6135,2717.493,2699.11,2703.248
1737244800000,2702.6785,2703.275,2691.35,2696.49
1737331200000,2696.425,2713.88,2689.48,2710.485
1737417600000,2710.472,2746.105,2702.895,2744.3265
1737504000000,2744.3615,2763.43,2742.7,2755.575
1737590400000,2755.475,2758.92,2735.895,2754.595
1737676800000,2754.6035,2786.045,2754.325,2770.745
1737849600000,2770.85,2771.2,2765.305,2767.58
1737936000000,2767.585,2772.7,2730.7,2741.84
1738022400000,2741.83,2765.12,2734.9165,2762.82
1738108800000,2762.835,2766.24,2745.056,2760.305
1738195200000,2760.29,2798.515,2758.735,2796.265
1738281600000,2796.2465,2817.15,2791.115,2799.05
1738454400000,2794.6195,2804.6115,2784.8,2793.73
1738540800000,2793.625,2830.7685,2772.225,2813.9865
1738627200000,2813.995,2845.555,2807.205,2841.3935
1738713600000,2841.5485,2882.465,2839.78,2869.24
1738800000000,2869.235,2873.36,2834.21,2858.11
1738886400000,2858.12,2886.835,2852.535,2860.765
1739059200000,2859.025,2870.355,2855.275,2867.5615
1739145600000,2867.5865,2921.7535,2865.8365,2917.925
1739232000000,2917.955,2942.8985,2881.905,2898.685
1739318400000,2898.7235,2909.315,2864.2485,2905.8065
1739404800000,2905.8115,2932.5035,2901.5015,2931.225
1739491200000,2931.18,2940.1485,2877.055,2882.65
1739664000000,2882.705,2893.985,2878.5985,2879.36
1739750400000,2879.38,2906.48,2879.38,2899.42
1739836800000,2899.38,2937.045,2892.1,2934.0715
1739923200000,2934.0615,2947.115,2918.63,2935.38
1740009600000,2935.5885,2954.9835,2924.19,2941.615
1740096000000,2941.65,2949.8735,2916.845,2935.7035
1740268800000,2935.775,2940.4815,2934.025,2936.955
1740355200000,2936.855,2956.25,2921.465,2950.055
1740441600000,2950.005,2952.68,2888.3785,2918.66
1740528000000,2918.7435,2930.2935,2890.8015,2919.245
1740614400000,2919.235,2919.235,2867.885,2876.06
1740700800000,2876.07,2885.2285,2832.698,2857.6
1740873600000,2855.84,2877.2695,2855.705,2870.9715
1740960000000,2870.9315,2895.265,2858.98,2890.94
1741046400000,2890.92,2927.905,2881.9315,2914.4
1741132800000,2914.43,2929.9965,2894.335,2918.4585
1741219200000,2918.445,2926.6735,2891.16,2910.3715
1741305600000,2910.3465,2930.405,2896.5115,2909.9
1741478400000,2911.75,2916.9465,2909.73,2916.2065
1741564800000,2916.2215,2918.415,2880.255,2884.7785
1741651200000,2884.77,2922.2765,2880.245,2915.4565
1741737600000,2915.4765,2940.6315,2906.0365,2938.17
1741824000000,2938.155,2990.0685,2933.0115,2986.5
1741910400000,2986.48,3004.98,2978.46,2984.72
1742083200000,2985.205,2994.245,2983.3265,2990.15
1742169600000,2990.145,3002.9485,2982.265,2999.8315
1742256000000,2999.8265,3038.3465,2999.475,3031.7865
1742342400000,3031.805,3051.9865,3022.745,3050.15
1742428800000,3050.175,3057.57,3025.69,3046.5285
1742515200000,3046.5335,3047.5685,2999.5015,3023.52
1742688000000,3021.15,3026.35,3021.15,3024.805
1742774400000,3024.6365,3033.38,3002.445,3009.92
1742860800000,3009.94,3036.1035,3007.61,3021.07
1742947200000,3021.055,3032.095,3012.415,3021.6985
1743033600000,3021.685,3059.759,3021.685,3055.615
1743120000000,3055.505,3086.955,3054.98,3085.3
1743292800000,3087.3,3097.935,3086.0265,3089.1865
1743379200000,3089.16,3128.125,3076.86,3120.6365
1743465600000,3120.58,3149.0835,3100.935,3115.3065
1743552000000,3115.3115,3167.785,3104.8235,3162.8185
1743638400000,3162.805,3164.8635,3054.1235,3112.945
1743724800000,3112.9585,3136.925,3015.7735,3038.425
1743897600000,3007.5085,3033.355,2977.2535,2999.9665
1743984000000,2999.9815,3055.59,2956.58,2981.38
1744070400000,2981.29,3022.82,2969.9,2978.555
1744156800000,2978.725,3099.725,2972.445,3086.87
1744243200000,3086.847,3191.365,3078.5,3189.065
1744329600000,3189.045,3245.4,3185.07,3237.46
1744502400000,3230.15,3230.15,3210.11,3223.865
1744588800000,3223.895,3245.91,3193.7,3212.69
1744675200000,3212.665,3251.99,3210.095,3251.98
1744761600000,3251.975,3357.78,3251.78,3350.165
1744848000000,3350.2,3356.48,3283.94,3327.415
1745107200000,3332.72,3353.51,3328.92,3348.3
1745193600000,3348.605,3444.535,3347.625,3435.004
1745280000000,3435.036,3500.215,3313.095,3336.755
1745366400000,3336.785,3386.755,3260.15,3316.48
1745452800000,3316.5,3370.815,3306.715,3349.08
1745539200000,3349.07,3363.21,3265.16,3319.645
1745712000000,3324.315,3336.955,3298.62,3302.79
1745798400000,3302.86,3353.13,3268.2,3337.71
1745884800000,3337.67,3340.105,3299.67,3317.14
1745971200000,3317.19,3328.23,3267.072,3273.09
1746057600000,3273.095,3276.615,3202.0,3237.38
1746144000000,3237.482,3269.215,3222.82,3240.43
1746316800000,3240.08,3252.475,3237.73,3248.11
1746403200000,3248.14,3337.863,3241.26,3334.19
1746489600000,3334.09,3438.475,3322.6065,3400.805
1746576000000,3400.915,3401.585,3360.16,3376.435
1746662400000,3376.532,3414.905,3288.835,3316.44
1746748800000,3316.46,3347.655,3274.72,3324.245
1746921600000,3272.57,3295.605,3266.04,3287.675
1747008000000,3287.73,3289.8375,3207.845,3236.895
1747094400000,3236.94,3265.64,3215.93,3254.35
1747180800000,3254.475,3254.69,3168.095,3186.17
1747267200000,3186.125,3252.27,3120.705,3237.2
1747353600000,3237.17,3244.665,3154.1,3203.12
1747526400000,3219.415,3245.44,3206.53,3234.885
1747612800000,3234.915,3249.87,3206.6,3222.55
1747699200000,3222.58,3304.205,3204.635,3290.865
1747785600000,3290.815,3324.9515,3285.51,3320.1685
1747872000000,3320.2885,3345.5365,3279.26,3300.0765
1747958400000,3300.115,3366.01,3287.1535,3357.67
1748131200000,3356.5165,3356.5165,3341.2765,3342.65
1748217600000,3342.7135,3356.8965,3323.725,3346.2735
1748304000000,3346.2585,3350.0615,3285.2555,3309.4715
1748390400000,3309.475,3325.675,3250.3215,3259.9265
1748476800000,3259.8265,3331.182,3245.575,3315.6935
1748563200000,3315.735,3322.8415,3271.56,3289.365
1748736000000,3298.72,3316.8,3295.98,3310.2435
1748822400000,3310.305,3392.285,3301.5235,3387.55
1748908800000,3387.5635,3388.775,3333.145,3359.9915
1748995200000,3359.9945,3384.7985,3343.8015,3378.24
1749081600000,3378.17,3403.51,3339.525,3361.925
1749168000000,3361.8415,3375.675,3307.205,3310.66
1749340800000,3312.3485,3321.33,3309.31,3318.1165
1749427200000,3318.2035,3338.265,3293.6435,3326.8535
1749513600000,3326.8635,3349.185,3301.955,3328.0285
1749600000000,3328.0635,3373.53,3319.6935,3365.5585
1749686400000,3365.495,3399.0,3338.775,3395.895
1749772800000,3395.775,3446.8965,3391.82,3432.55
1749945600000,3451.89,3451.89,3428.9385,3444.2835
1750032000000,3444.2515,3451.3935,3382.845,3402.9115
1750118400000,3402.9335,3403.3515,3366.225,3387.4535
1750204800000,3387.3265,3400.1,3362.695,3375.1685
1750291200000,3375.1885,3388.1065,3347.5835,3368.885
1750377600000,3368.9185,3374.5585,3340.4385,3368.635
1750550400000,3390.748,3397.275,3371.2315,3372.8265
1750636800000,3372.79,3393.5615,3341.46,3344.3115
1750723200000,3344.4115,3357.935,3295.435,3324.2835
1750809600000,3324.2635,3340.2885,3311.995,3339.0785
1750896000000,3339.0935,3350.365,3310.0,3318.7915
1750982400000,3318.695,3322.1485,3255.805,3274.285
1751155200000,3272.93,3281.925,3247.8,3263.8685
1751241600000,3263.8535,3314.6765,3259.53,3312.575
1751328000000,3312.537,3358.16,3309.96,3338.1635
1751414400000,3338.1935,3365.785,3327.58,3349.4065
1751500800000,3349.4335,3363.7835,3311.625,3330.9215
1751587200000,3330.85,3345.165,3325.91,3332.4855
1751760000000,3334.71,3342.8515,3326.3835,3328.9935
1751846400000,3329.0085,3345.9015,3296.44,3334.725
1751932800000,3334.7215,3339.565,3287.2035,3302.325
1752019200000,3302.33,3321.2535,3282.6885,3317.7385
1752105600000,3317.7485,3330.34,3310.195,3323.845
1752192000000,3323.795,3368.7105,3323.635,3355.82
1752364800000,3363.875,3374.18,3359.7885,3367.8065
1752451200000,3367.7915,3375.0835,3341.085,3345.3515
1752537600000,3345.345,3366.425,3320.298,3331.0915
1752624000000,3331.13,3377.62,3319.7435,3346.575
1752710400000,3346.5215,3347.46,3309.965,3340.355
1752796800000,3340.378,3361.315,3331.93,3350.33
1752969600000,3350.325,3350.5215,3345.125,3349.1765
1753056000000,3349.145,3402.8135,3347.74,3396.5615
1753142400000,3396.5715,3433.497,3383.3585,3427.5
1753228800000,3427.475,3439.0285,3381.4765,3390.085
1753315200000,3390.138,3393.495,3351.485,3369.4515
1753401600000,3369.45,3373.535,3325.07,3336.81
1753574400000,3317.5715,3337.515,3317.5715,3333.6815
1753660800000,3333.68,3345.44,3301.845,3312.68
1753747200000,3312.66,3334.2065,3308.1085,3327.5415
1753833600000,3327.525,3334.075,3268.165,3285.3635
1753920000000,3285.3485,3314.915,3282.8435,3288.6535
1754006400000,3288.6635,3363.695,3281.6935,3363.085
1754179200000,3365.6965,3369.2935,3354.635,3362.1285
1754265600000,3362.125,3385.4535,3345.06,3377.4665
1754352000000,3377.4865,3390.4765,3349.882,3383.37
1754438400000,3383.31,3385.3465,3358.2585,3370.23
1754524800000,3370.265,3409.115,3365.3,3400.78
1754611200000,3400.702,3404.592,3376.095,3399.16
1754784000000,3398.2815,3405.3815,3390.075,3391.58
1754870400000,3391.605,3391.74,3341.28,3349.1415
1754956800000,3349.1465,3359.4495,3331.125,3350.6435
1755043200000,3350.76,3370.835,3342.732,3362.8335
1755129600000,3362.86,3374.85,3329.9015,3335.5715
1755216000000,3335.57,3348.89,3332.4535,3335.695
1755388800000,3336.845,3339.1015,3323.6185,3327.195
1755475200000,3327.2235,3358.4835,3326.8885,3331.03
1755561600000,3331.01,3345.445,3312.945,3314.3685
1755648000000,3314.22,3352.2285,3311.555,3347.055
1755734400000,3347.03,3348.1685,3325.2165,3338.4935
1755820800000,3338.4735,3378.835,3321.455,3372.11
1755993600000,3371.455,3372.15,3365.955,3369.125
1756080000000,3369.105,3376.375,3351.72,3354.9115
1756166400000,3354.99,3394.4235,3351.47,3390.9415
1756252800000,3390.87,3399.39,3373.92,3395.74
1756339200000,3395.765,3423.202,3384.725,3414.8265
1756425600000,3414.8115,3453.8465,3404.425,3447.63
1756598400000,3446.6065,3452.86,3442.43,3447.99
1756684800000,3447.975,3489.905,3437.07,3479.285
1756771200000,3479.235,3540.102,3470.21,3529.9965
1756857600000,3530.0065,3578.415,3527.02,3560.45
1756944000000,3560.49,3563.5115,3511.17,3552.71
1757030400000,3552.685,3600.175,3544.865,3586.62
1757203200000,3582.154,3596.85,3578.2935,3591.1615
1757289600000,3591.1465,3646.37,3579.7385,3634.995
1757376000000,3634.955,3674.2,3619.48,3633.635
1757462400000,3633.66,3657.59,3620.3585,3644.955
1757548800000,3644.975,3649.2685,3613.04,3631.9235
1757635200000,3631.93,3656.705,3630.5735,3643.21
1757808000000,3644.37,3646.4315,3636.9335,3638.26
1757894400000,3638.25,3685.605,3626.5115,3676.9115
1757980800000,3676.9015,3703.1165,3674.825,3694.405
1758067200000,3694.385,3707.6965,3646.225,3669.0965
1758153600000,3669.18,3672.8925,3627.87,3640.205
1758240000000,3640.295,3685.287,3632.3565,3685.095
1758412800000,3687.6,3692.29,3683.7665,3686.365
1758499200000,3686.385,3749.2365,3685.555,3747.8515
1758585600000,3747.8365,3791.1435,3736.78,3763.845
1758672000000,3763.815,3779.245,3717.5965,3743.095
1758758400000,3743.055,3761.6885,3722.1985,3744.795
1758844800000,3744.765,3783.875,3734.525,3760.315
1759017600000,3757.01,3772.585,3756.8965,3766.9265
1759104000000,3766.9115,3834.275,3763.965,3832.94
1759190400000,3832.97,3871.8535,3793.195,3862.995
1759276800000,3863.0,3895.4485,3853.38,3863.485
1759363200000,3863.515,3897.455,3819.415,3862.465
1759449600000,3862.425,3891.7585,3838.105,3887.325
1759622400000,3888.905,3920.9685,3884.13,3909.6535
1759708800000,3909.6885,3976.235,3898.9915,3969.6165
1759795200000,3969.6195,3995.9835,3940.9635,3994.435
1759881600000,3994.3565,4059.3215,3984.41,4011.79
1759968000000,4011.7715,4058.045,3944.56,3989.8415
1760054400000,3989.757,4022.9215,3947.1085,4018.71
1760227200000,4001.485,4060.165,4001.4185,4035.17
1760313600000,4035.205,4132.0415,4024.635,4128.0615
1760400000000,4128.1215,4179.935,4090.3785,4161.665
1760486400000,4161.645,4218.3635,4153.805,4209.51
1760572800000,4209.58,4379.9285,4203.595,4365.8135
1760659200000,4365.8035,4378.7285,4186.342,4252.353
1760832000000,4248.7635,4274.588,4233.5465,4238.07
1760918400000,4238.085,4381.5565,4219.0785,4360.3
1761004800000,4360.305,4372.3365,4081.097,4093.1265
1761091200000,4093.0965,4161.46,4004.4315,4087.695
1761177600000,4087.68,4154.795,4066.2135,4121.74
1761264000000,4121.765,4144.47,4043.799,4112.38
1761436800000,4064.101,4109.1615,4061.78,4064.62
1761523200000,4064.645,4097.8735,3971.4215,3998.665
1761609600000,3998.615,4019.7885,3886.552,3964.905
1761696000000,3964.91,4030.3085,3917.1915,3952.905
1761782400000,3952.925,4046.46,3915.49,4036.6985
1761868800000,4036.6,4039.525,3972.4,4002.453
1762041600000,3986.0,3999.1385,3978.0215,3979.89
1762128000000,3979.76,4030.76,3962.705,3997.315
1762214400000,3997.36,4000.765,3928.77,3934.6465
1762300800000,3934.67,3990.5,3929.7665,3973.825
1762387200000,3973.785,4019.66,3964.67,3989.25
1762473600000,3989.28,4027.535,3984.13,4000.945
1762646400000,3999.8,4012.245,3997.95,4011.915
1762732800000,4011.945,4122.835,4011.215,4120.005
1762819200000,4120.2585,4149.06,4097.1985,4142.7
1762905600000,4142.665,4211.813,4098.945,4191.305
1762992000000,4191.29,4245.185,4145.315,4186.105
1763078400000,4186.17,4211.32,4032.255,4083.085
1763251200000,4087.1,4106.775,4071.688,4096.4865
1763337600000,4096.5165,4101.98,4006.9685,4036.8
1763424000000,4036.86,4082.52,3998.0365,4076.95
1763510400000,4076.91,4132.945,4055.5865,4104.54
1763596800000,4104.64,4110.195,4038.91,4079.165
1763683200000,4079.15,4101.132,4022.45,4064.935
1763856000000,4071.5,4077.78,4065.78,4075.19
1763942400000,4075.175,4144.3965,4040.23,4143.8565
1764028800000,4143.6665,4159.42,4109.68,4133.885
1764115200000,4133.905,4173.52,4132.82,4164.7865
1764201600000,4164.54,4167.175,4142.73,4163.335
1764288000000,4163.24,4227.11,4154.635,4219.272
1764460800000,4223.2515,4231.177,4205.475,4222.04
1764547200000,4221.935,4264.67,4215.6085,4227.6065
1764633600000,4227.7015,4230.645,4163.7715,4212.735
1764720000000,4212.705,4241.58,4194.7135,4207.388
1764806400000,4207.373,4219.535,4175.184,4206.2585
1764892800000,4206.2885,4259.39,4192.1,4197.935
1765065600000,4201.81,4204.885,4195.97,4201.52
1765152000000,4201.695,4219.095,4176.2915,4194.8185
1765238400000,4194.765,4221.595,4170.145,4210.7665
1765324800000,4210.7515,4238.71,4182.0985,4232.55
1765411200000,4232.54,4285.975,4204.23,4276.415
1765497600000,4276.365,4353.63,4257.475,4299.865
1765670400000,4300.9,4308.535,4294.9665,4302.47
1765756800000,4302.58,4350.31,4285.3385,4304.37
1765843200000,4304.355,4335.24,4271.545,4308.15
1765929600000,4308.15,4349.27,4306.625,4339.0815
1766016000000,4339.0715,4374.73,4308.65,4335.165
1766102400000,4335.145,4356.62,4309.19,4339.04
1766275200000,4340.0,4356.4015,4337.9985,4355.335
1766361600000,4355.3,4461.8065,4355.3,4460.25
1766448000000,4460.21,4510.605,4430.3885,4503.465
1766534400000,4503.43,4526.058,4448.312,4479.54
1766620800000,4491.445,4500.04,4483.9,4495.275
1766707200000,4495.295,4550.13,4492.14,4533.615
1766880000000,4541.0,4549.8315,4523.4135,4527.1615
1766966400000,4527.1715,4528.06,4301.8415,4345.875
1767052800000,4345.87,4404.3865,4324.61,4339.045
1767139200000,4339.07,4373.4,4274.365,4319.1905
1767225600000,4325.8,4351.475,4324.34,4348.255
1767312000000,4348.2465,4402.3165,4310.07,4332.42
1767484800000,4361.195,4375.99,4346.05,4372.685
1767571200000,4372.66,4460.18,4370.38,4440.645
1767657600000,4440.61,4500.52,4427.985,4493.575
1767744000000,4493.525,4496.02,4423.47,4463.54
1767830400000,4463.48,4484.225,4407.825,4475.82
1767916800000,4475.78,4517.3115,4453.0,4509.968
1768089600000,4521.3,4545.155,4513.26,4540.27
1768176000000,4540.195,4630.275,4536.475,4599.56
1768262400000,4599.66,4634.72,4569.63,4597.115
1768348800000,4597.095,4642.96,4597.04,4615.335
1768435200000,4615.255,4624.909,4581.165,4610.29
1768521600000,4610.27,4620.375,4536.81,4596.445
1768694400000,4627.8,4690.895,4620.445,4672.845
1768780800000,4672.835,4682.125,4653.18,4665.45
1768867200000,4665.48,4781.25,4659.565,4775.945
1768953600000,4775.925,4888.4385,4755.8985,4778.285
1769040000000,4778.245,4960.7,4772.5435,4959.26
1769126400000,4959.225,4990.25,4899.91,4984.53
1769299200000,5004.85,5040.155,5002.205,5039.805
1769385600000,5039.89,5111.275,4990.2535,5043.555
1769472000000,5043.55,5190.535,5013.88,5172.355
1769558400000,5172.415,5598.26,5157.45,5513.2285
1769644800000,5513.92,5595.685,5098.924,5438.505
1769731200000,5438.545,5451.11,4682.0,4895.635
1769904000000,4820.55,4823.725,4697.235,4742.8985
1769990400000,4742.8385,4884.845,4402.4215,4774.715
1770076800000,4774.74,4993.8765,4745.6115,4947.77
1770163200000,4947.775,5091.835,4847.775,5012.495
1770249600000,5012.305,5020.56,4703.575,4703.875
1770336000000,4703.86,4971.3465,4655.11,4966.9
1770508800000,4981.575,5047.4085,4965.125,5036.145
1770595200000,5036.13,5086.73,4968.82,5032.265
1770681600000,5032.2,5078.88,4999.1,5042.01
1770768000000,5041.97,5119.2785,5019.0485,5061.39
1770854400000,5061.3635,5083.87,4878.35,4920.49
1770940800000,4920.435,5046.36,4914.0385,5042.87
1771113600000,5043.355,5051.728,5010.97,5020.4
1771200000000,5020.3,5031.3365,4965.1515,4989.865
1771286400000,4989.895,4991.45,4842.5625,4859.29
1771372800000,4859.33,5011.17,4858.38,4976.06
1771459200000,4976.04,5022.3565,4960.4315,4987.865
1771545600000,4987.9115,5108.05,4981.745,5107.59
1771718400000,5107.2,5172.0,5099.23,5165.48
1771804800000,5164.71,5249.9485,5122.1615,5235.765
1771891200000,5235.815,5238.26,5093.74,5146.785
1771977600000,5146.82,5217.77,5136.96,5163.375
1772064000000,5163.395,5205.64,5130.3985,5184.775
1772150400000,5184.8,5281.41,5166.965,5278.72
1772323200000,5375.95,5393.61,5302.285,5387.095
1772409600000,5387.225,5419.245,5260.805,5346.12
1772496000000,5346.18,5380.1735,4996.1585,5125.455
1772582400000,5125.435,5206.325,5105.9115,5165.4
1772668800000,5165.37,5194.995,5051.0065,5086.305
1772755200000,5086.255,5176.9565,5062.79,5172.75
1772928000000,5181.595,5198.6015,5044.1865,5076.12
1773014400000,5075.85,5156.22,5015.07,5139.85
1773100800000,5139.685,5238.76,5124.8385,5197.4785
1773187200000,5197.53,5223.375,5129.83,5134.5235
1773273600000,5134.5335,5191.6915,5055.245,5098.13
1773360000000,5098.08,5128.58,5009.815,5019.025
1773532800000,5003.051,5030.655,4967.875,4997.61
1773619200000,4997.63,5038.045,4970.4135,5013.0
1773705600000,5012.93,5044.72,4973.81,5003.0185
1773792000000,5003.0235,5016.42,4804.27,4836.955
1773878400000,4836.945,4867.325,4502.635,4643.65
1773964800000,4643.53,4736.165,4477.5235,4491.8035
1774137600000,4472.7035,4536.425,4449.66,4464.79
1774224000000,4464.805,4513.0,4099.0385,4441.24
1774310400000,4441.22,4551.5965,4306.1,4546.9785
1774396800000,4546.9585,4602.62,4486.9365,4498.37
1774483200000,4498.34,4544.7385,4351.3735,4405.02
1774569600000,4405.13,4555.46,4375.59,4494.105
1774742400000,4493.41,4515.3,4443.9735,4448.99
1774828800000,4449.175,4580.865,4418.624,4513.82
1774915200000,4513.87,4700.32,4482.61,4696.56
1775001600000,4695.48,4800.4885,4667.06,4784.23
1775088000000,4784.25,4798.92,4553.6815,4676.305
1775347200000,4654.3235,4665.81,4605.0915,4610.6115
1775433600000,4610.6415,4706.63,4600.88,4658.95
1775520000000,4659.55,4836.5,4607.7185,4833.6715
1775606400000,4833.68,4857.6815,4699.675,4715.67
1775692800000,4715.83,4801.2585,4698.5,4763.79
1775779200000,4763.84,4795.1435,4730.515,4748.14
1775952000000,4637.85,4692.655,4637.85,4671.55
1776038400000,4671.57,4765.9635,4664.72,4757.72
1776124800000,4757.76,4850.85,4751.64,4837.29
1776211200000,4837.32,4871.52,4786.255,4823.56
1776297600000,4823.35,4838.6335,4773.0065,4791.86
1776384000000,4791.83,4890.6325,4768.1025,4831.0085
1776556800000,4768.6535,4795.3,4737.0,4755.3
1776643200000,4755.35,4833.24,4744.68,4821.84
1776729600000,4822.15,4830.92,4668.7285,4738.15
1776816000000,4738.12,4772.475,4723.57,4727.88
1776902400000,4727.86,4753.8935,4664.44,4695.38
1776988800000,4695.355,4740.34,4657.84,4710.27
