date,open,high,low,close,volume
2022-06-01,1.440000,2.200000,1.039000,1.232000,135155408.59
2022-06-02,1.234000,1.633000,1.050000,1.546000,161990275.44
2022-06-03,1.546000,1.653000,1.289000,1.362000,107910196.98
2022-06-04,1.362000,1.484000,1.297000,1.393000,64765398.99
2022-06-05,1.393000,1.435000,1.151000,1.165000,60514926.55
2022-06-06,1.166000,1.368000,1.140000,1.321000,56800791.33
2022-06-07,1.320000,1.320000,1.050000,1.108000,55366240.19
2022-06-08,1.107000,1.118000,0.698000,0.730000,88951203.12
2022-06-09,0.730000,0.910000,0.721000,0.824000,76146385.37
2022-06-10,0.824000,0.980000,0.795000,0.879000,100513428.21
2022-06-11,0.880000,0.930000,0.728000,0.762000,58235387.04
2022-06-12,0.762000,0.777000,0.625000,0.645000,85200521.97
2022-06-13,0.644000,0.668000,0.498000,0.546000,100777103.80
2022-06-14,0.546000,0.626000,0.512000,0.565000,67945402.65
2022-06-15,0.564000,0.603000,0.470000,0.593000,66215419.15
2022-06-16,0.593000,0.627000,0.480000,0.489000,46284530.81
2022-06-17,0.491000,0.529000,0.485000,0.518000,26253084.27
2022-06-18,0.519000,0.529000,0.396000,0.451000,49944264.83
2022-06-19,0.450000,0.528000,0.435000,0.509000,33706776.84
2022-06-20,0.509000,0.546000,0.469000,0.501000,41337567.58
2022-06-21,0.502000,0.575000,0.491000,0.515000,43452577.60
2022-06-22,0.515000,0.515000,0.459000,0.462000,28952466.07
2022-06-23,0.463000,0.532000,0.461000,0.522000,24962867.92
2022-06-24,0.522000,0.644000,0.511000,0.590000,72524536.21
2022-06-25,0.590000,0.657000,0.550000,0.581000,71824375.21
2022-06-26,0.582000,0.637000,0.528000,0.539000,46121771.44
2022-06-27,0.539000,0.582000,0.515000,0.537000,22433672.86
2022-06-28,0.536000,0.566000,0.506000,0.529000,39092861.63
2022-06-29,0.528000,0.615000,0.520000,0.581000,53810583.24
2022-06-30,0.581000,0.610000,0.505000,0.547000,34273852.28
2022-07-01,0.547000,0.573000,0.517000,0.530000,17786719.42
2022-07-02,0.530000,0.548000,0.508000,0.525000,12136648.11
2022-07-03,0.526000,0.535000,0.511000,0.522000,7229801.30
2022-07-04,0.523000,0.570000,0.513000,0.560000,14301513.41
2022-07-05,0.560000,0.572000,0.515000,0.524000,17251814.18
2022-07-06,0.524000,0.557000,0.517000,0.544000,12308465.63
2022-07-07,0.543000,0.590000,0.543000,0.577000,20475885.58
2022-07-08,0.577000,0.627000,0.557000,0.566000,20417572.43
2022-07-09,0.567000,0.586000,0.557000,0.574000,9416532.19
2022-07-10,0.572000,0.575000,0.525000,0.533000,9396120.90
2022-07-11,0.533000,0.535000,0.473000,0.481000,11050982.56
2022-07-12,0.481000,0.490000,0.444000,0.450000,17022655.02
2022-07-13,0.450000,0.476000,0.405000,0.475000,29615313.24
2022-07-14,0.474000,0.503000,0.441000,0.492000,23670536.90
2022-07-15,0.492000,0.513000,0.474000,0.483000,19598025.98
2022-07-16,0.483000,0.535000,0.471000,0.522000,20486504.90
2022-07-17,0.521000,0.615000,0.514000,0.581000,73415867.41
2022-07-18,0.581000,0.833000,0.563000,0.817000,165781778.86
2022-07-19,0.816000,0.840000,0.702000,0.721000,80725408.75
2022-07-20,0.721000,0.842000,0.669000,0.685000,88485408.23
2022-07-21,0.685000,0.790000,0.651000,0.776000,60792604.79
2022-07-22,0.777000,0.877000,0.731000,0.835000,89588005.00
2022-07-23,0.836000,0.960000,0.808000,0.940000,101383782.66
2022-07-24,0.940000,0.976000,0.891000,0.919000,60676006.05
2022-07-25,0.919000,0.924000,0.790000,0.795000,52472011.77
2022-07-26,0.795000,0.830000,0.746000,0.827000,46223163.42
2022-07-27,0.827000,1.083000,0.805000,1.052000,78319681.99
2022-07-28,1.051000,1.555000,1.030000,1.448000,156729992.66
2022-07-29,1.448000,1.970000,1.406000,1.838000,187712245.65
2022-07-30,1.838000,1.890000,1.640000,1.808000,80762939.05
2022-07-31,1.808000,1.811000,1.569000,1.583000,43840563.01
2022-08-01,1.582000,1.690000,1.427000,1.509000,49308625.64
2022-08-02,1.509000,1.671000,1.362000,1.636000,78766374.90
2022-08-03,1.635000,2.191000,1.540000,1.991000,118871511.54
2022-08-04,1.991000,2.243000,1.824000,1.918000,108544334.53
2022-08-05,1.917000,2.082000,1.796000,1.943000,79059509.01
2022-08-06,1.946000,2.055000,1.870000,1.900000,51279182.47
2022-08-07,1.901000,2.000000,1.890000,1.911000,34122133.52
2022-08-08,1.911000,2.077000,1.841000,1.898000,49212439.39
2022-08-09,1.898000,1.926000,1.604000,1.615000,63294913.93
2022-08-10,1.616000,1.839000,1.536000,1.569000,86820834.63
2022-08-11,1.569000,1.723000,1.490000,1.554000,68036131.25
2022-08-12,1.555000,1.661000,1.531000,1.649000,46031386.70
2022-08-13,1.650000,1.703000,1.511000,1.541000,38793008.27
2022-08-14,1.542000,1.587000,1.374000,1.438000,37965504.38
2022-08-15,1.438000,1.570000,1.379000,1.570000,65733983.17
2022-08-16,1.569000,1.600000,1.415000,1.455000,45188412.09
2022-08-17,1.455000,1.500000,1.259000,1.321000,44259816.29
2022-08-18,1.322000,1.372000,1.185000,1.196000,32112884.84
2022-08-19,1.195000,1.271000,1.096000,1.221000,79735881.45
2022-08-20,1.220000,1.296000,1.090000,1.130000,49780846.28
2022-08-21,1.132000,1.226000,1.117000,1.176000,34252057.14
2022-08-22,1.178000,1.206000,1.091000,1.167000,40080875.03
2022-08-23,1.168000,1.355000,1.120000,1.333000,64350067.00
2022-08-24,1.332000,1.338000,1.220000,1.226000,39145651.73
2022-08-25,1.227000,1.283000,1.162000,1.178000,25533498.42
2022-08-26,1.178000,1.186000,1.002000,1.019000,39647094.69
2022-08-27,1.019000,1.053000,0.989000,1.023000,26776588.01
2022-08-28,1.023000,1.089000,1.013000,1.054000,27938924.44
2022-08-29,1.054000,1.200000,1.026000,1.173000,47012266.34
2022-08-30,1.173000,1.198000,1.059000,1.084000,40881238.82
2022-08-31,1.084000,1.216000,1.084000,1.129000,37007506.01
2022-09-01,1.130000,1.192000,1.072000,1.178000,31040357.82
2022-09-02,1.178000,1.308000,1.144000,1.232000,47970369.16
2022-09-03,1.232000,1.246000,1.169000,1.194000,17821047.73
2022-09-04,1.193000,1.223000,1.128000,1.175000,19831287.43
2022-09-05,1.175000,1.210000,1.111000,1.198000,24179431.42
2022-09-06,1.197000,1.270000,1.081000,1.095000,51854806.49
2022-09-07,1.094000,1.187000,1.064000,1.172000,28846860.39
2022-09-08,1.172000,1.202000,1.114000,1.178000,27060981.25
2022-09-09,1.179000,1.466000,1.178000,1.411000,63109854.40
2022-09-10,1.412000,1.479000,1.335000,1.387000,44461600.56
2022-09-11,1.387000,1.458000,1.327000,1.401000,34453383.13
2022-09-12,1.402000,1.430000,1.255000,1.267000,34824409.84
2022-09-13,1.267000,1.333000,1.150000,1.183000,49499193.39
2022-09-14,1.183000,1.237000,1.132000,1.215000,36231542.78
2022-09-15,1.215000,1.288000,1.112000,1.132000,55461566.77
2022-09-16,1.132000,1.142000,1.058000,1.112000,28988579.73
2022-09-17,1.112000,1.137000,1.085000,1.131000,14271506.09
2022-09-18,1.131000,1.139000,0.901000,0.930000,24875331.52
2022-09-19,0.930000,0.982000,0.888000,0.953000,37455090.52
2022-09-20,0.953000,0.961000,0.876000,0.919000,26701462.69
2022-09-21,0.919000,1.064000,0.862000,0.891000,43791472.23
2022-09-22,0.891000,0.957000,0.889000,0.938000,40693020.18
2022-09-23,0.938000,0.990000,0.898000,0.947000,28905538.79
2022-09-24,0.948000,0.955000,0.910000,0.919000,11077796.29
2022-09-25,0.918000,0.952000,0.885000,0.905000,10584782.10
2022-09-26,0.904000,0.926000,0.886000,0.922000,11727584.93
2022-09-27,0.923000,0.991000,0.896000,0.919000,21767026.87
2022-09-28,0.919000,0.924000,0.865000,0.909000,15786888.08
2022-09-29,0.909000,0.926000,0.882000,0.905000,11384250.86
2022-09-30,0.906000,0.920000,0.885000,0.910000,11721438.16
2022-10-01,0.911000,0.928000,0.886000,0.893000,7540066.35
2022-10-02,0.893000,0.902000,0.832000,0.843000,9049941.94
2022-10-03,0.843000,0.879000,0.833000,0.868000,12930784.32
2022-10-04,0.868000,0.885000,0.857000,0.871000,11799861.77
2022-10-05,0.871000,0.875000,0.837000,0.863000,7878496.57
2022-10-06,0.862000,0.875000,0.845000,0.852000,9728831.79
2022-10-07,0.852000,0.855000,0.833000,0.846000,6481725.50
2022-10-08,0.847000,0.855000,0.820000,0.836000,3958835.73
2022-10-09,0.836000,0.849000,0.833000,0.844000,2897687.67
2022-10-10,0.844000,0.852000,0.724000,0.752000,10872290.16
2022-10-11,0.751000,0.773000,0.726000,0.739000,12293573.20
2022-10-12,0.740000,0.763000,0.738000,0.748000,5876404.77
2022-10-13,0.748000,0.755000,0.647000,0.732000,16388172.98
2022-10-14,0.732000,0.759000,0.703000,0.717000,7617263.34
2022-10-15,0.718000,0.719000,0.678000,0.686000,5114019.31
2022-10-16,0.686000,0.708000,0.685000,0.699000,4345327.46
2022-10-17,0.698000,0.766000,0.686000,0.766000,8488605.32
2022-10-18,0.765000,0.775000,0.722000,0.740000,12300178.49
2022-10-19,0.741000,0.746000,0.682000,0.690000,8410386.61
2022-10-20,0.690000,0.709000,0.658000,0.672000,7183536.47
2022-10-21,0.672000,0.749000,0.634000,0.730000,12545312.27
2022-10-22,0.730000,0.763000,0.710000,0.747000,12339537.45
2022-10-23,0.749000,0.880000,0.733000,0.830000,25167482.46
2022-10-24,0.831000,0.888000,0.793000,0.840000,27702527.61
2022-10-25,0.841000,1.057000,0.824000,0.974000,55054061.10
2022-10-26,0.975000,1.189000,0.963000,1.115000,66953614.41
2022-10-27,1.115000,1.152000,1.056000,1.069000,41226844.85
2022-10-28,1.068000,1.233000,1.033000,1.146000,42515101.03
2022-10-29,1.146000,1.205000,1.055000,1.085000,40432651.27
2022-10-30,1.084000,1.121000,1.003000,1.042000,25159501.05
2022-10-31,1.043000,1.087000,1.000000,1.035000,18668972.76
2022-11-01,1.036000,1.065000,0.990000,1.005000,13666030.36
2022-11-02,1.005000,1.052000,0.944000,1.029000,25807190.71
2022-11-03,1.029000,1.155000,1.026000,1.116000,33952756.12
2022-11-04,1.117000,1.398000,1.097000,1.364000,68633584.99
2022-11-05,1.363000,1.419000,1.266000,1.317000,42659887.08
2022-11-06,1.316000,1.360000,1.250000,1.284000,27577594.75
2022-11-07,1.284000,1.390000,1.199000,1.310000,31869621.87
2022-11-08,1.310000,1.326000,0.860000,0.967000,92027144.33
2022-11-09,0.967000,0.974000,0.761000,0.781000,72782696.70
2022-11-10,0.781000,1.100000,0.767000,1.040000,67876925.34
2022-11-11,1.041000,1.061000,0.912000,1.022000,48475114.69
2022-11-12,1.024000,1.025000,0.900000,0.921000,17597648.59
2022-11-13,0.920000,0.954000,0.870000,0.903000,25111698.02
2022-11-14,0.902000,0.986000,0.835000,0.927000,34422098.68
2022-11-15,0.927000,0.956000,0.899000,0.937000,18450359.39
2022-11-16,0.937000,0.963000,0.871000,0.897000,17898181.74
2022-11-17,0.898000,0.907000,0.865000,0.889000,12613385.22
2022-11-18,0.889000,0.928000,0.878000,0.914000,12755477.79
2022-11-19,0.914000,0.945000,0.885000,0.931000,9195001.62
2022-11-20,0.932000,0.944000,0.841000,0.848000,12723046.80
2022-11-21,0.848000,0.854000,0.798000,0.846000,19888325.28
2022-11-22,0.846000,0.875000,0.803000,0.862000,14756369.37
2022-11-23,0.863000,0.950000,0.843000,0.930000,18551185.63
2022-11-24,0.930000,0.972000,0.916000,0.946000,17460090.38
2022-11-25,0.946000,0.948000,0.906000,0.922000,9650129.43
2022-11-26,0.923000,0.948000,0.896000,0.907000,10634960.88
2022-11-27,0.907000,0.926000,0.877000,0.884000,9041501.67
2022-11-28,0.883000,0.892000,0.837000,0.871000,11827877.03
2022-11-29,0.871000,0.907000,0.859000,0.892000,9186527.89
2022-11-30,0.892000,1.017000,0.891000,1.003000,21923745.39
2022-12-01,1.002000,1.093000,0.999000,1.057000,27460259.79
2022-12-02,1.057000,1.144000,1.034000,1.107000,23586530.80
2022-12-03,1.107000,1.116000,1.036000,1.039000,10440345.55
2022-12-04,1.039000,1.077000,1.012000,1.071000,13612557.71
2022-12-05,1.070000,1.097000,1.002000,1.028000,14254861.86
2022-12-06,1.027000,1.069000,1.015000,1.059000,10415093.35
2022-12-07,1.059000,1.071000,0.990000,1.025000,14002832.69
2022-12-08,1.025000,1.093000,0.999000,1.081000,14895143.19
2022-12-09,1.081000,1.120000,1.058000,1.069000,25657869.31
2022-12-10,1.068000,1.088000,1.040000,1.049000,10008893.59
2022-12-11,1.048000,1.067000,1.013000,1.015000,8275814.67
2022-12-12,1.014000,1.047000,0.986000,1.046000,12871545.38
2022-12-13,1.046000,1.155000,0.998000,1.139000,30537418.93
2022-12-14,1.140000,1.198000,1.129000,1.147000,29440995.52
2022-12-15,1.147000,1.167000,1.043000,1.067000,19433176.71
2022-12-16,1.066000,1.088000,0.917000,0.945000,33743482.98
2022-12-17,0.945000,0.959000,0.896000,0.947000,21146203.62
2022-12-18,0.947000,0.961000,0.921000,0.925000,10191811.20
2022-12-19,0.926000,0.946000,0.865000,0.885000,13003013.26
2022-12-20,0.884000,0.983000,0.878000,0.972000,22155445.87
2022-12-21,0.972000,0.980000,0.947000,0.964000,12874632.83
2022-12-22,0.963000,0.967000,0.900000,0.951000,14853631.86
2022-12-23,0.951000,0.967000,0.943000,0.954000,7748003.85
2022-12-24,0.954000,0.960000,0.927000,0.932000,5588694.20
2022-12-25,0.932000,0.938000,0.905000,0.934000,7303514.41
2022-12-26,0.935000,0.951000,0.922000,0.948000,4659330.09
2022-12-27,0.949000,0.964000,0.924000,0.941000,11435674.67
2022-12-28,0.942000,0.945000,0.886000,0.896000,18206795.46
2022-12-29,0.897000,0.922000,0.881000,0.914000,8870118.40
2022-12-30,0.913000,0.918000,0.894000,0.913000,7217365.31
2022-12-31,0.913000,0.935000,0.906000,0.917000,4248442.94
2023-01-01,0.918000,0.932000,0.909000,0.924000,3284587.66
2023-01-02,0.923000,0.977000,0.910000,0.958000,12042583.43
2023-01-03,0.958000,0.988000,0.944000,0.957000,12847646.94
2023-01-04,0.957000,1.057000,0.953000,1.030000,18875204.78
2023-01-05,1.030000,1.042000,1.008000,1.024000,12254869.15
2023-01-06,1.025000,1.102000,0.983000,1.085000,25480935.55
2023-01-07,1.085000,1.133000,1.079000,1.095000,15600264.00
2023-01-08,1.095000,1.279000,1.064000,1.263000,34355583.07
2023-01-09,1.263000,1.367000,1.234000,1.252000,38674709.48
2023-01-10,1.252000,1.294000,1.207000,1.266000,25380421.83
2023-01-11,1.265000,1.305000,1.198000,1.281000,25453678.43
2023-01-12,1.281000,1.424000,1.225000,1.390000,53615999.86
2023-01-13,1.389000,1.688000,1.361000,1.594000,50823369.12
2023-01-14,1.594000,1.800000,1.480000,1.727000,73826951.82
2023-01-15,1.727000,1.889000,1.615000,1.821000,39771001.87
2023-01-16,1.820000,1.886000,1.691000,1.793000,34174741.63
2023-01-17,1.794000,1.910000,1.726000,1.737000,27613540.67
2023-01-18,1.737000,1.800000,1.574000,1.660000,33785084.49
2023-01-19,1.661000,1.763000,1.623000,1.746000,19787555.65
2023-01-20,1.746000,2.172000,1.716000,2.141000,36722634.00
2023-01-21,2.140000,2.480000,2.056000,2.202000,64077713.99
2023-01-22,2.201000,2.502000,2.113000,2.181000,36782950.91
2023-01-23,2.181000,2.325000,2.082000,2.167000,34848020.06
2023-01-24,2.167000,2.365000,1.929000,1.996000,33786413.76
2023-01-25,1.996000,2.555000,1.925000,2.380000,73001164.04
2023-01-26,2.381000,2.502000,2.141000,2.216000,38489167.35
2023-01-27,2.216000,2.380000,2.101000,2.279000,35789714.98
2023-01-28,2.279000,2.375000,2.115000,2.186000,25905822.18
2023-01-29,2.186000,2.468000,2.123000,2.376000,25573376.15
2023-01-30,2.377000,2.389000,2.020000,2.125000,33677897.94
2023-01-31,2.125000,2.265000,2.071000,2.166000,20000528.75
2023-02-01,2.165000,2.805000,2.118000,2.725000,54915836.23
2023-02-02,2.725000,3.135000,2.671000,2.798000,50336064.00
2023-02-03,2.798000,3.229000,2.767000,3.101000,48427444.45
2023-02-04,3.101000,3.157000,2.952000,2.994000,25060082.16
2023-02-05,2.994000,3.074000,2.778000,2.953000,30477681.90
2023-02-06,2.952000,3.116000,2.750000,2.910000,31904543.34
2023-02-07,2.911000,3.086000,2.879000,3.023000,29106574.67
2023-02-08,3.023000,3.200000,2.668000,2.767000,34885545.23
2023-02-09,2.767000,2.831000,2.302000,2.399000,49686187.16
2023-02-10,2.400000,2.459000,2.288000,2.417000,31387345.68
2023-02-11,2.416000,2.530000,2.342000,2.488000,20098265.59
2023-02-12,2.487000,2.545000,2.301000,2.333000,17918214.12
2023-02-13,2.334000,2.350000,2.074000,2.212000,36453465.85
2023-02-14,2.213000,2.449000,2.146000,2.427000,39777774.60
2023-02-15,2.428000,2.863000,2.359000,2.820000,36954505.39
2023-02-16,2.820000,3.011000,2.588000,2.622000,39777577.11
2023-02-17,2.624000,2.872000,2.610000,2.793000,36448008.95
2023-02-18,2.793000,2.855000,2.711000,2.779000,14713183.15
2023-02-19,2.779000,2.847000,2.562000,2.579000,22723342.84
2023-02-20,2.579000,2.695000,2.481000,2.608000,20692047.09
2023-02-21,2.609000,2.652000,2.426000,2.517000,18692308.19
2023-02-22,2.519000,2.800000,2.339000,2.704000,37373762.06
2023-02-23,2.704000,3.093000,2.691000,2.875000,64331564.83
2023-02-24,2.874000,3.290000,2.820000,3.060000,80150910.82
2023-02-25,3.060000,3.112000,2.630000,2.753000,47431782.02
2023-02-26,2.754000,3.040000,2.722000,3.009000,30251270.25
2023-02-27,3.009000,3.100000,2.817000,2.896000,28301597.08
2023-02-28,2.896000,2.931000,2.641000,2.703000,23229887.94
2023-03-01,2.704000,2.843000,2.680000,2.769000,17130098.32
2023-03-02,2.769000,2.802000,2.589000,2.723000,17414081.82
2023-03-03,2.723000,2.734000,2.423000,2.543000,25431740.53
2023-03-04,2.543000,2.571000,2.255000,2.368000,16956063.23
2023-03-05,2.368000,2.522000,2.335000,2.431000,17786820.61
2023-03-06,2.431000,2.569000,2.374000,2.517000,17072327.29
2023-03-07,2.517000,2.589000,2.311000,2.402000,24697828.46
2023-03-08,2.402000,2.422000,2.173000,2.234000,28947555.90
2023-03-09,2.233000,2.390000,2.110000,2.202000,36633290.60
2023-03-10,2.202000,2.277000,1.956000,2.135000,48384953.57
2023-03-11,2.135000,2.198000,1.769000,1.887000,48300197.60
2023-03-12,1.887000,2.430000,1.833000,2.345000,50870659.07
2023-03-13,2.346000,2.740000,2.245000,2.615000,71440211.38
2023-03-14,2.615000,2.960000,2.526000,2.710000,49000505.45
2023-03-15,2.709000,2.814000,2.283000,2.404000,49863469.36
2023-03-16,2.405000,2.560000,2.336000,2.482000,35392893.09
2023-03-17,2.483000,2.743000,2.437000,2.715000,35226787.93
2023-03-18,2.714000,2.924000,2.590000,2.618000,39129352.80
2023-03-19,2.618000,2.861000,2.603000,2.693000,22472583.38
2023-03-20,2.693000,2.739000,2.461000,2.473000,23288863.68
2023-03-21,2.474000,2.730000,2.404000,2.637000,26422633.08
2023-03-22,2.638000,2.676000,2.419000,2.526000,24431341.34
2023-03-23,2.526000,2.638000,2.423000,2.484000,22593227.26
2023-03-24,2.484000,2.491000,2.185000,2.269000,22537940.49
2023-03-25,2.269000,2.307000,2.134000,2.177000,12309785.12
2023-03-26,2.177000,2.318000,2.158000,2.263000,10468008.62
2023-03-27,2.262000,2.279000,2.016000,2.068000,23295205.50
2023-03-28,2.068000,2.260000,2.018000,2.193000,19450208.13
2023-03-29,2.194000,2.300000,2.176000,2.229000,17015007.67
2023-03-30,2.230000,2.317000,2.140000,2.301000,28414625.50
2023-03-31,2.301000,2.346000,2.217000,2.289000,20858829.68
2023-04-01,2.288000,2.318000,2.236000,2.278000,7421385.87
2023-04-02,2.279000,2.322000,2.159000,2.202000,11170348.94
2023-04-03,2.202000,2.234000,2.087000,2.166000,14663330.68
2023-04-04,2.166000,2.266000,2.127000,2.233000,12065215.84
2023-04-05,2.233000,2.387000,2.219000,2.282000,16705201.96
2023-04-06,2.281000,2.284000,2.182000,2.264000,9553566.74
2023-04-07,2.263000,2.280000,2.218000,2.267000,6139169.85
2023-04-08,2.267000,2.304000,2.222000,2.237000,5560162.07
2023-04-09,2.237000,2.315000,2.201000,2.281000,6351163.94
2023-04-10,2.281000,2.372000,2.222000,2.368000,12487944.48
2023-04-11,2.368000,2.400000,2.282000,2.293000,10581566.46
2023-04-12,2.294000,2.303000,2.178000,2.282000,14357463.50
2023-04-13,2.282000,2.477000,2.256000,2.431000,14184230.75
2023-04-14,2.431000,2.696000,2.422000,2.655000,28090447.93
2023-04-15,2.655000,2.830000,2.604000,2.708000,16924215.11
2023-04-16,2.707000,2.735000,2.626000,2.691000,11067151.56
2023-04-17,2.691000,2.692000,2.561000,2.609000,13734487.33
2023-04-18,2.608000,2.744000,2.594000,2.702000,14839283.92
2023-04-19,2.702000,2.741000,2.470000,2.544000,30000621.47
2023-04-20,2.544000,2.662000,2.402000,2.439000,27983254.85
2023-04-21,2.438000,2.485000,2.250000,2.277000,18603515.85
2023-04-22,2.276000,2.319000,2.235000,2.308000,8296241.58
2023-04-23,2.307000,2.308000,2.136000,2.203000,10090628.13
2023-04-24,2.203000,2.273000,2.160000,2.221000,8369907.57
2023-04-25,2.221000,2.257000,2.126000,2.244000,10725017.61
2023-04-26,2.244000,2.349000,2.055000,2.168000,14693111.03
2023-04-27,2.168000,2.244000,2.141000,2.180000,10783829.65
2023-04-28,2.180000,2.195000,2.103000,2.138000,6828919.52
2023-04-29,2.138000,2.202000,2.125000,2.189000,5193254.95
2023-04-30,2.189000,2.240000,2.150000,2.167000,5797848.82
2023-05-01,2.168000,2.178000,2.035000,2.081000,9223680.53
2023-05-02,2.081000,2.191000,2.075000,2.163000,7208561.27
2023-05-03,2.164000,2.181000,2.079000,2.164000,9586339.75
2023-05-04,2.164000,2.166000,2.012000,2.026000,10235711.43
2023-05-05,2.027000,2.065000,1.918000,1.982000,12950166.08
2023-05-06,1.982000,1.999000,1.791000,1.868000,12364228.35
2023-05-07,1.868000,1.941000,1.863000,1.887000,8045451.63
2023-05-08,1.886000,1.916000,1.663000,1.719000,15700468.06
2023-05-09,1.719000,1.771000,1.686000,1.708000,8534218.51
2023-05-10,1.708000,1.785000,1.617000,1.722000,13212634.99
2023-05-11,1.722000,1.724000,1.491000,1.558000,11916245.53
2023-05-12,1.558000,1.688000,1.482000,1.677000,20828877.98
2023-05-13,1.676000,1.677000,1.626000,1.638000,6576530.93
2023-05-14,1.638000,1.686000,1.595000,1.634000,7918692.46
2023-05-15,1.634000,1.718000,1.600000,1.638000,10409455.35
2023-05-16,1.638000,1.665000,1.603000,1.652000,15259693.17
2023-05-17,1.653000,1.876000,1.633000,1.801000,37447885.31
2023-05-18,1.801000,1.846000,1.696000,1.737000,27252390.50
2023-05-19,1.737000,1.741000,1.651000,1.668000,16354799.05
2023-05-20,1.668000,1.706000,1.621000,1.692000,10220326.74
2023-05-21,1.691000,1.701000,1.622000,1.637000,7261795.67
2023-05-22,1.637000,1.657000,1.563000,1.632000,9249594.50
2023-05-23,1.633000,1.720000,1.613000,1.669000,14077540.79
2023-05-24,1.669000,1.670000,1.537000,1.593000,14175908.01
2023-05-25,1.594000,1.642000,1.550000,1.617000,9546915.73
2023-05-26,1.617000,1.650000,1.599000,1.609000,8031901.79
2023-05-27,1.609000,1.622000,1.581000,1.600000,4108379.21
2023-05-28,1.599000,1.658000,1.589000,1.642000,7617887.88
2023-05-29,1.642000,1.670000,1.510000,1.524000,14650896.21
2023-05-30,1.523000,1.549000,1.404000,1.420000,25096269.46
2023-05-31,1.420000,1.535000,1.345000,1.382000,39871906.73
2023-06-01,1.382000,1.435000,1.363000,1.387000,22819251.99
2023-06-02,1.387000,1.473000,1.366000,1.449000,20664459.53
2023-06-03,1.449000,1.500000,1.432000,1.483000,13835366.68
2023-06-04,1.483000,1.525000,1.462000,1.480000,13501937.36
2023-06-05,1.478000,1.486000,1.270000,1.386000,42811362.45
2023-06-06,1.386000,1.550000,1.360000,1.495000,51536832.64
2023-06-07,1.496000,1.507000,1.360000,1.373000,29342110.95
2023-06-08,1.372000,1.439000,1.346000,1.368000,16584578.96
2023-06-09,1.367000,1.403000,1.314000,1.331000,16675431.22
2023-06-10,1.331000,1.334000,0.895000,1.091000,65859694.78
2023-06-11,1.092000,1.128000,1.058000,1.093000,17550366.57
2023-06-12,1.093000,1.150000,1.054000,1.133000,21708204.17
2023-06-13,1.133000,1.196000,1.110000,1.154000,19651843.82
2023-06-14,1.153000,1.165000,1.059000,1.085000,19506654.83
2023-06-15,1.084000,1.124000,1.053000,1.111000,12986860.30
2023-06-16,1.110000,1.153000,1.076000,1.129000,17960795.38
2023-06-17,1.129000,1.179000,1.112000,1.133000,17001695.05
2023-06-18,1.133000,1.144000,1.089000,1.100000,14939414.07
2023-06-19,1.099000,1.137000,1.082000,1.133000,19019906.37
2023-06-20,1.133000,1.348000,1.131000,1.329000,58140081.84
2023-06-21,1.330000,1.507000,1.316000,1.433000,65595020.00
2023-06-22,1.432000,1.492000,1.330000,1.356000,40332277.13
2023-06-23,1.356000,1.462000,1.353000,1.387000,30421986.08
2023-06-24,1.387000,1.387000,1.254000,1.306000,31066256.73
2023-06-25,1.307000,1.375000,1.296000,1.332000,23376314.36
2023-06-26,1.332000,1.383000,1.258000,1.282000,22449241.15
2023-06-27,1.282000,1.358000,1.272000,1.310000,18683303.73
2023-06-28,1.309000,1.311000,1.160000,1.217000,24829988.35
2023-06-29,1.217000,1.254000,1.202000,1.221000,14209715.78
2023-06-30,1.221000,1.377000,1.182000,1.334000,49436947.51
2023-07-01,1.334000,1.380000,1.305000,1.347000,14615772.97
2023-07-02,1.347000,1.352000,1.285000,1.333000,15224113.42
2023-07-03,1.333000,1.377000,1.321000,1.355000,18099834.69
2023-07-04,1.355000,1.370000,1.268000,1.283000,15119886.45
2023-07-05,1.283000,1.303000,1.200000,1.234000,19075728.10
2023-07-06,1.234000,1.283000,1.183000,1.185000,16592574.80
2023-07-07,1.185000,1.227000,1.169000,1.227000,10907555.26
2023-07-08,1.227000,1.237000,1.189000,1.217000,7751883.30
2023-07-09,1.217000,1.230000,1.198000,1.214000,6900804.81
2023-07-10,1.214000,1.227000,1.098000,1.200000,17483153.42
2023-07-11,1.200000,1.245000,1.192000,1.224000,11153172.84
2023-07-12,1.224000,1.270000,1.191000,1.217000,15312284.97
2023-07-13,1.217000,1.426000,1.206000,1.370000,42188933.82
2023-07-14,1.371000,1.645000,1.362000,1.457000,85181211.20
2023-07-15,1.456000,1.553000,1.434000,1.459000,35407639.66
2023-07-16,1.459000,1.515000,1.398000,1.491000,20866005.21
2023-07-17,1.491000,1.549000,1.405000,1.481000,29337629.95
2023-07-18,1.482000,1.561000,1.412000,1.431000,30943911.48
2023-07-19,1.430000,1.633000,1.417000,1.565000,33940540.67
2023-07-20,1.565000,1.608000,1.509000,1.535000,24324136.47
2023-07-21,1.534000,1.558000,1.501000,1.509000,15521242.02
2023-07-22,1.508000,1.592000,1.507000,1.567000,13604964.07
2023-07-23,1.567000,1.659000,1.537000,1.581000,25127845.54
2023-07-24,1.581000,1.587000,1.471000,1.509000,28803519.68
2023-07-25,1.508000,1.524000,1.444000,1.451000,17114401.42
2023-07-26,1.450000,1.546000,1.403000,1.513000,19018656.78
2023-07-27,1.512000,1.569000,1.490000,1.497000,15477102.09
2023-07-28,1.496000,1.514000,1.461000,1.478000,11968220.82
2023-07-29,1.477000,1.516000,1.473000,1.509000,7602523.77
2023-07-30,1.509000,1.633000,1.498000,1.624000,35588055.29
2023-07-31,1.624000,1.771000,1.605000,1.613000,53074293.24
2023-08-01,1.614000,1.660000,1.554000,1.650000,29367474.57
2023-08-02,1.650000,1.679000,1.606000,1.638000,28986271.21
2023-08-03,1.637000,1.752000,1.636000,1.714000,42712964.73
2023-08-04,1.714000,1.767000,1.677000,1.687000,23870342.53
2023-08-05,1.687000,1.723000,1.652000,1.690000,14532439.13
2023-08-06,1.691000,1.727000,1.674000,1.702000,10965037.93
2023-08-07,1.701000,1.809000,1.673000,1.798000,30816087.82
2023-08-08,1.797000,1.829000,1.663000,1.680000,39559587.49
2023-08-09,1.679000,1.705000,1.522000,1.551000,36720160.64
2023-08-10,1.551000,1.600000,1.546000,1.580000,18614574.22
2023-08-11,1.580000,1.609000,1.573000,1.589000,12088811.00
2023-08-12,1.589000,1.598000,1.535000,1.551000,10021616.79
2023-08-13,1.550000,1.566000,1.525000,1.540000,8542349.25
2023-08-14,1.539000,1.577000,1.506000,1.530000,13377278.71
2023-08-15,1.531000,1.537000,1.409000,1.470000,20714406.44
2023-08-16,1.471000,1.491000,1.373000,1.411000,27769597.42
2023-08-17,1.411000,1.465000,1.211000,1.365000,43000692.45
2023-08-18,1.365000,1.464000,1.344000,1.440000,38149481.47
2023-08-19,1.440000,1.519000,1.427000,1.474000,14957944.38
2023-08-20,1.473000,1.489000,1.446000,1.473000,9901921.77
2023-08-21,1.474000,1.558000,1.464000,1.528000,27300311.51
2023-08-22,1.529000,1.600000,1.494000,1.576000,30595838.95
2023-08-23,1.577000,1.627000,1.525000,1.562000,19879400.03
2023-08-24,1.561000,1.592000,1.521000,1.586000,16273306.38
2023-08-25,1.585000,1.593000,1.461000,1.468000,28190003.46
2023-08-26,1.468000,1.500000,1.444000,1.481000,8974571.51
2023-08-27,1.480000,1.495000,1.434000,1.453000,10118300.33
2023-08-28,1.452000,1.462000,1.401000,1.423000,14345184.89
2023-08-29,1.422000,1.536000,1.410000,1.495000,29109232.83
2023-08-30,1.494000,1.511000,1.459000,1.482000,13877534.33
2023-08-31,1.482000,1.496000,1.366000,1.393000,18450571.63
2023-09-01,1.393000,1.403000,1.298000,1.319000,16636252.26
2023-09-02,1.319000,1.341000,1.283000,1.319000,10102629.09
2023-09-03,1.318000,1.347000,1.309000,1.336000,7993985.55
2023-09-04,1.336000,1.370000,1.314000,1.341000,9187807.37
2023-09-05,1.341000,1.349000,1.307000,1.345000,8087530.14
2023-09-06,1.346000,1.359000,1.295000,1.332000,11382371.55
2023-09-07,1.331000,1.348000,1.305000,1.341000,7087520.17
2023-09-08,1.340000,1.349000,1.294000,1.297000,7248538.39
2023-09-09,1.298000,1.300000,1.282000,1.293000,4785785.16
2023-09-10,1.293000,1.293000,1.205000,1.270000,13662282.26
2023-09-11,1.269000,1.286000,1.214000,1.285000,21972759.46
2023-09-12,1.284000,1.379000,1.283000,1.336000,29746898.20
2023-09-13,1.336000,1.383000,1.329000,1.350000,17476656.81
2023-09-14,1.350000,1.381000,1.332000,1.356000,13684151.75
2023-09-15,1.356000,1.428000,1.347000,1.405000,21546775.78
2023-09-16,1.406000,1.438000,1.378000,1.393000,13120592.17
2023-09-17,1.393000,1.394000,1.346000,1.372000,10522109.06
2023-09-18,1.372000,1.423000,1.356000,1.368000,16360092.65
2023-09-19,1.367000,1.415000,1.364000,1.381000,12390522.09
2023-09-20,1.381000,1.405000,1.362000,1.390000,14442622.53
2023-09-21,1.390000,1.399000,1.290000,1.296000,20190583.02
2023-09-22,1.297000,1.313000,1.274000,1.292000,12071913.48
2023-09-23,1.293000,1.309000,1.281000,1.299000,6430388.54
2023-09-24,1.299000,1.300000,1.253000,1.263000,6421971.52
2023-09-25,1.263000,1.278000,1.234000,1.249000,10486383.12
2023-09-26,1.250000,1.291000,1.248000,1.288000,9174702.64
2023-09-27,1.288000,1.320000,1.256000,1.272000,13125424.48
2023-09-28,1.272000,1.350000,1.268000,1.324000,14560541.75
2023-09-29,1.324000,1.350000,1.307000,1.336000,9819321.40
2023-09-30,1.336000,1.362000,1.316000,1.345000,9664709.18
2023-10-01,1.345000,1.424000,1.343000,1.412000,14454200.77
2023-10-02,1.412000,1.467000,1.365000,1.393000,23120283.56
2023-10-03,1.394000,1.400000,1.302000,1.322000,14694157.62
2023-10-04,1.323000,1.341000,1.256000,1.330000,16865742.29
2023-10-05,1.330000,1.344000,1.285000,1.300000,13609073.32
2023-10-06,1.300000,1.324000,1.288000,1.304000,8504952.35
2023-10-07,1.304000,1.314000,1.272000,1.292000,9489087.41
2023-10-08,1.293000,1.305000,1.255000,1.281000,13388476.28
2023-10-09,1.281000,1.288000,1.185000,1.228000,25611115.85
2023-10-10,1.229000,1.253000,1.218000,1.243000,11869974.36
2023-10-11,1.242000,1.259000,1.213000,1.246000,14632457.95
2023-10-12,1.246000,1.249000,1.160000,1.191000,14450286.98
2023-10-13,1.191000,1.238000,1.188000,1.208000,8594462.45
2023-10-14,1.208000,1.224000,1.196000,1.199000,6472963.54
2023-10-15,1.199000,1.216000,1.187000,1.210000,5586490.90
2023-10-16,1.209000,1.272000,1.207000,1.235000,15109820.64
2023-10-17,1.235000,1.239000,1.179000,1.196000,9060107.31
2023-10-18,1.196000,1.218000,1.181000,1.187000,7920012.37
2023-10-19,1.187000,1.191000,1.151000,1.170000,6942132.89
2023-10-20,1.170000,1.254000,1.164000,1.234000,13993135.72
2023-10-21,1.234000,1.291000,1.224000,1.268000,13634253.13
2023-10-22,1.269000,1.317000,1.231000,1.316000,16335871.48
2023-10-23,1.316000,1.378000,1.272000,1.362000,28877043.62
2023-10-24,1.363000,1.435000,1.333000,1.397000,31775026.34
2023-10-25,1.396000,1.420000,1.349000,1.384000,16387739.94
2023-10-26,1.385000,1.478000,1.360000,1.409000,29078391.84
2023-10-27,1.408000,1.415000,1.338000,1.366000,10471834.58
2023-10-28,1.367000,1.395000,1.361000,1.372000,6556883.24
2023-10-29,1.372000,1.424000,1.351000,1.413000,8005284.20
2023-10-30,1.413000,1.447000,1.382000,1.421000,13854467.36
2023-10-31,1.421000,1.444000,1.335000,1.396000,18346330.25
2023-11-01,1.396000,1.458000,1.344000,1.438000,21997907.72
2023-11-02,1.438000,1.465000,1.339000,1.372000,22818808.43
2023-11-03,1.372000,1.429000,1.319000,1.423000,14236614.98
2023-11-04,1.423000,1.523000,1.413000,1.498000,18940469.41
2023-11-05,1.499000,1.563000,1.475000,1.540000,22416202.90
2023-11-06,1.541000,1.583000,1.507000,1.572000,18643512.36
2023-11-07,1.571000,1.574000,1.467000,1.511000,19958929.91
2023-11-08,1.511000,1.549000,1.492000,1.526000,12957578.86
2023-11-09,1.527000,1.750000,1.379000,1.742000,59548008.91
2023-11-10,1.742000,1.807000,1.630000,1.720000,46824119.56
2023-11-11,1.721000,1.755000,1.644000,1.693000,23238860.08
2023-11-12,1.693000,1.850000,1.611000,1.821000,33013153.78
2023-11-13,1.820000,1.927000,1.768000,1.789000,50029081.18
2023-11-14,1.790000,1.834000,1.650000,1.792000,30241095.82
2023-11-15,1.792000,1.878000,1.790000,1.861000,24622204.37
2023-11-16,1.862000,1.903000,1.752000,1.808000,36244434.84
2023-11-17,1.807000,1.848000,1.633000,1.710000,29050956.04
2023-11-18,1.710000,1.764000,1.602000,1.740000,18624409.27
2023-11-19,1.740000,1.792000,1.697000,1.778000,12207858.23
2023-11-20,1.779000,1.808000,1.717000,1.729000,14781420.34
2023-11-21,1.729000,1.755000,1.569000,1.591000,22015219.76
2023-11-22,1.590000,1.760000,1.586000,1.736000,14822075.69
2023-11-23,1.737000,1.849000,1.725000,1.825000,18506730.61
2023-11-24,1.825000,1.877000,1.785000,1.800000,15823324.57
2023-11-25,1.800000,1.829000,1.763000,1.785000,11528239.46
2023-11-26,1.785000,1.826000,1.735000,1.815000,16251355.49
2023-11-27,1.815000,1.816000,1.669000,1.723000,14687717.48
2023-11-28,1.723000,1.748000,1.679000,1.713000,11611984.92
2023-11-29,1.713000,1.727000,1.639000,1.689000,18502575.48
2023-11-30,1.690000,1.698000,1.646000,1.672000,9384289.05
2023-12-01,1.673000,1.720000,1.630000,1.657000,14869131.45
2023-12-02,1.657000,1.762000,1.654000,1.757000,13803627.28
2023-12-03,1.756000,1.769000,1.693000,1.719000,12931692.63
2023-12-04,1.719000,1.861000,1.666000,1.798000,40290723.13
2023-12-05,1.798000,1.850000,1.707000,1.803000,27499333.11
2023-12-06,1.803000,1.852000,1.704000,1.713000,28677072.84
2023-12-07,1.712000,2.197000,1.694000,2.172000,85896983.04
2023-12-08,2.172000,2.250000,2.076000,2.107000,62303972.48
2023-12-09,2.106000,2.305000,2.010000,2.044000,50154683.51
2023-12-10,2.044000,2.221000,2.043000,2.168000,39880370.95
2023-12-11,2.169000,2.405000,1.910000,2.292000,101480814.96
2023-12-12,2.293000,2.497000,2.228000,2.345000,56199269.27
2023-12-13,2.346000,2.378000,2.119000,2.247000,53817534.09
2023-12-14,2.248000,2.323000,2.140000,2.263000,34127518.80
2023-12-15,2.264000,2.294000,2.085000,2.096000,23449413.82
2023-12-16,2.097000,2.280000,2.088000,2.180000,26939944.53
2023-12-17,2.180000,2.220000,2.056000,2.086000,23070460.32
2023-12-18,2.086000,2.261000,1.957000,2.237000,42251711.64
2023-12-19,2.237000,2.275000,2.081000,2.108000,21624309.98
2023-12-20,2.107000,2.278000,2.106000,2.247000,22874087.23
2023-12-21,2.247000,2.555000,2.202000,2.521000,39183304.60
2023-12-22,2.521000,3.544000,2.491000,3.462000,112281640.40
2023-12-23,3.462000,3.535000,3.108000,3.447000,96148383.52
2023-12-24,3.447000,3.842000,3.310000,3.566000,85196572.64
2023-12-25,3.567000,3.739000,3.351000,3.373000,65537589.27
2023-12-26,3.372000,3.503000,3.010000,3.468000,53103386.66
2023-12-27,3.468000,4.183000,3.208000,3.957000,91120003.62
2023-12-28,3.956000,4.147000,3.570000,3.580000,56843106.81
2023-12-29,3.580000,3.944000,3.418000,3.911000,62473220.46
2023-12-30,3.910000,3.931000,3.584000,3.602000,30546536.35
2023-12-31,3.601000,3.916000,3.594000,3.706000,33769029.38
2024-01-01,3.707000,4.117000,3.531000,3.990000,37907079.82
2024-01-02,3.991000,4.048000,3.638000,3.711000,34456467.65
2024-01-03,3.712000,3.992000,2.998000,3.475000,79078027.69
2024-01-04,3.475000,3.923000,3.358000,3.714000,49438988.28
2024-01-05,3.713000,3.766000,3.270000,3.444000,37639918.46
2024-01-06,3.445000,3.447000,3.118000,3.225000,25966558.14
2024-01-07,3.224000,3.464000,3.152000,3.171000,23972585.05
2024-01-08,3.170000,3.482000,2.907000,3.414000,39072803.25
2024-01-09,3.415000,3.712000,3.093000,3.641000,43504865.25
2024-01-10,3.641000,4.086000,3.500000,3.932000,67747375.86
2024-01-11,3.932000,4.100000,3.632000,3.966000,50379553.87
2024-01-12,3.966000,4.284000,3.740000,3.913000,68840327.61
2024-01-13,3.913000,3.942000,3.658000,3.805000,23614257.91
2024-01-14,3.807000,3.848000,3.459000,3.479000,16182760.49
2024-01-15,3.480000,3.621000,3.414000,3.452000,23153869.90
2024-01-16,3.451000,3.673000,3.400000,3.602000,19183478.65
2024-01-17,3.602000,3.627000,3.400000,3.457000,17694259.44
2024-01-18,3.457000,3.483000,3.151000,3.215000,20055257.52
2024-01-19,3.215000,3.283000,3.000000,3.204000,29285962.05
2024-01-20,3.204000,3.232000,3.105000,3.196000,12663877.65
2024-01-21,3.195000,3.260000,3.109000,3.119000,9069229.15
2024-01-22,3.119000,3.155000,2.913000,2.981000,25259437.24
2024-01-23,2.981000,3.018000,2.611000,2.821000,45321676.91
2024-01-24,2.820000,2.890000,2.781000,2.857000,16222234.28
2024-01-25,2.858000,2.986000,2.743000,2.937000,16449789.10
2024-01-26,2.938000,3.152000,2.910000,3.069000,23484536.41
2024-01-27,3.070000,3.121000,3.017000,3.068000,9523296.35
2024-01-28,3.069000,3.185000,3.009000,3.029000,14931325.67
2024-01-29,3.029000,3.189000,2.985000,3.168000,16130697.18
2024-01-30,3.169000,3.296000,3.079000,3.157000,26265974.64
2024-01-31,3.157000,3.172000,2.870000,2.901000,21441170.80
2024-02-01,2.901000,3.023000,2.822000,2.976000,13032832.52
2024-02-02,2.977000,3.043000,2.937000,3.015000,8843271.60
2024-02-03,3.014000,3.049000,2.952000,2.961000,5195871.84
2024-02-04,2.960000,3.064000,2.920000,2.994000,7743935.69
2024-02-05,2.993000,3.130000,2.917000,3.097000,12259252.97
2024-02-06,3.097000,3.381000,3.081000,3.325000,34804738.06
2024-02-07,3.325000,3.480000,3.199000,3.363000,25924719.16
2024-02-08,3.364000,3.448000,3.299000,3.302000,16592963.67
2024-02-09,3.303000,3.517000,3.299000,3.460000,18621608.85
2024-02-10,3.461000,3.500000,3.343000,3.366000,9097523.00
2024-02-11,3.366000,3.653000,3.359000,3.535000,13282609.39
2024-02-12,3.536000,3.916000,3.456000,3.816000,22002700.28
2024-02-13,3.816000,3.819000,3.622000,3.730000,16929332.91
2024-02-14,3.730000,3.873000,3.674000,3.820000,15064243.98
2024-02-15,3.820000,3.974000,3.808000,3.858000,20100040.90
2024-02-16,3.859000,3.895000,3.582000,3.641000,14981082.74
2024-02-17,3.640000,3.668000,3.464000,3.579000,11030230.36
2024-02-18,3.579000,3.824000,3.550000,3.793000,10446656.08
2024-02-19,3.794000,4.024000,3.740000,3.960000,20133014.29
2024-02-20,3.960000,4.196000,3.713000,4.066000,44572869.90
2024-02-21,4.066000,4.072000,3.563000,3.763000,29088066.57
2024-02-22,3.763000,3.844000,3.608000,3.640000,20612413.52
2024-02-23,3.639000,3.701000,3.481000,3.508000,16167083.13
2024-02-24,3.507000,3.717000,3.425000,3.669000,12739766.16
2024-02-25,3.669000,3.883000,3.606000,3.881000,11897239.90
2024-02-26,3.882000,3.882000,3.630000,3.824000,16654512.13
2024-02-27,3.824000,3.937000,3.657000,3.705000,18913175.10
2024-02-28,3.705000,3.929000,3.500000,3.767000,29508442.90
2024-02-29,3.766000,4.042000,3.607000,3.700000,31043410.31
2024-03-01,3.701000,3.815000,3.695000,3.757000,13535925.85
2024-03-02,3.756000,3.989000,3.711000,3.988000,20153217.00
2024-03-03,3.987000,4.322000,3.698000,3.988000,40499006.79
2024-03-04,3.988000,4.097000,3.757000,3.909000,24121182.17
2024-03-05,3.909000,4.695000,3.680000,4.514000,97067063.33
2024-03-06,4.513000,4.865000,4.308000,4.545000,53247934.43
2024-03-07,4.545000,4.774000,4.430000,4.661000,29258599.28
2024-03-08,4.663000,4.799000,4.291000,4.484000,24657412.27
2024-03-09,4.484000,4.698000,4.467000,4.697000,16723326.48
2024-03-10,4.697000,4.788000,4.411000,4.537000,19054687.12
2024-03-11,4.537000,4.663000,4.371000,4.583000,36010694.25
2024-03-12,4.583000,4.681000,4.115000,4.361000,41593230.03
2024-03-13,4.361000,4.580000,4.326000,4.416000,21697627.79
2024-03-14,4.415000,4.496000,4.008000,4.204000,30688669.98
2024-03-15,4.204000,4.237000,3.586000,3.819000,35595742.11
2024-03-16,3.819000,3.853000,3.451000,3.554000,27305586.82
2024-03-17,3.553000,3.640000,3.356000,3.583000,21604658.89
2024-03-18,3.582000,3.582000,3.239000,3.302000,26280034.80
2024-03-19,3.301000,3.501000,2.973000,3.442000,51203494.77
2024-03-20,3.442000,3.575000,3.160000,3.550000,61065467.31
2024-03-21,3.549000,3.608000,3.335000,3.427000,26352049.48
2024-03-22,3.426000,3.599000,3.303000,3.426000,37854491.19
2024-03-23,3.425000,3.543000,3.312000,3.428000,16335948.45
2024-03-24,3.427000,3.800000,3.370000,3.706000,27351481.66
2024-03-25,3.706000,3.922000,3.691000,3.858000,25284155.74
2024-03-26,3.857000,4.026000,3.785000,3.914000,21607086.62
2024-03-27,3.915000,4.042000,3.645000,3.671000,24727828.96
2024-03-28,3.670000,3.756000,3.610000,3.725000,14338226.26
2024-03-29,3.725000,3.748000,3.565000,3.617000,10066038.99
2024-03-30,3.617000,3.809000,3.602000,3.656000,11800868.38
2024-03-31,3.656000,3.750000,3.610000,3.689000,7574611.51
2024-04-01,3.688000,3.692000,3.382000,3.496000,16014729.62
2024-04-02,3.496000,3.496000,3.103000,3.156000,28353010.31
2024-04-03,3.156000,3.230000,3.023000,3.052000,19158118.24
2024-04-04,3.052000,3.227000,3.000000,3.105000,15300583.68
2024-04-05,3.104000,3.105000,2.865000,2.873000,20253294.68
2024-04-06,2.874000,3.029000,2.848000,2.993000,14289568.70
2024-04-07,2.992000,3.205000,2.980000,3.196000,14377356.45
2024-04-08,3.196000,3.380000,3.083000,3.365000,23401340.11
2024-04-09,3.365000,3.414000,3.024000,3.044000,22130080.49
2024-04-10,3.044000,3.086000,2.895000,3.036000,19370054.41
2024-04-11,3.035000,3.114000,2.920000,2.939000,16019945.51
2024-04-12,2.940000,3.037000,2.080000,2.448000,44956206.90
2024-04-13,2.448000,2.459000,1.800000,2.117000,70237662.15
2024-04-14,2.118000,2.372000,2.039000,2.330000,42077406.08
2024-04-15,2.332000,2.439000,2.191000,2.267000,38633599.17
2024-04-16,2.266000,2.293000,2.106000,2.243000,27895533.52
2024-04-17,2.242000,2.276000,2.078000,2.165000,18476380.24
2024-04-18,2.165000,2.268000,2.117000,2.225000,13265572.50
2024-04-19,2.225000,2.323000,2.041000,2.232000,25398414.15
2024-04-20,2.232000,2.525000,2.199000,2.505000,18218334.16
2024-04-21,2.505000,2.536000,2.379000,2.445000,11961481.78
2024-04-22,2.444000,2.598000,2.437000,2.549000,19701436.59
2024-04-23,2.550000,2.591000,2.464000,2.491000,13678551.07
2024-04-24,2.492000,2.621000,2.386000,2.422000,20706393.75
2024-04-25,2.422000,2.475000,2.347000,2.418000,14052961.64
2024-04-26,2.419000,2.433000,2.314000,2.333000,13543660.94
2024-04-27,2.334000,2.671000,2.246000,2.626000,28012700.08
2024-04-28,2.627000,2.786000,2.605000,2.634000,33824260.55
2024-04-29,2.634000,2.682000,2.400000,2.495000,26877444.72
2024-04-30,2.495000,2.557000,2.277000,2.537000,26799688.07
2024-05-01,2.537000,2.840000,2.398000,2.797000,62694531.48
2024-05-02,2.798000,2.918000,2.646000,2.873000,33021440.03
2024-05-03,2.875000,2.990000,2.808000,2.858000,24869246.14
2024-05-04,2.859000,3.040000,2.834000,2.880000,20303854.17
2024-05-05,2.881000,2.959000,2.821000,2.901000,15676999.11
2024-05-06,2.900000,2.999000,2.763000,2.768000,14905283.76
2024-05-07,2.768000,2.809000,2.655000,2.666000,14004264.96
2024-05-08,2.665000,2.682000,2.551000,2.580000,12141817.21
2024-05-09,2.579000,2.670000,2.546000,2.653000,7710008.93
2024-05-10,2.653000,2.684000,2.478000,2.519000,10381008.71
2024-05-11,2.519000,2.584000,2.512000,2.535000,5949895.81
2024-05-12,2.535000,2.581000,2.515000,2.523000,3816689.09
2024-05-13,2.524000,2.544000,2.422000,2.495000,10775718.39
2024-05-14,2.496000,2.519000,2.389000,2.395000,8676961.02
2024-05-15,2.396000,2.511000,2.275000,2.484000,24849369.45
2024-05-16,2.483000,2.516000,2.324000,2.368000,14946149.36
2024-05-17,2.369000,2.609000,2.341000,2.568000,21392627.23
2024-05-18,2.568000,2.633000,2.528000,2.548000,9482526.06
2024-05-19,2.549000,2.610000,2.436000,2.452000,7706890.78
2024-05-20,2.451000,2.909000,2.416000,2.907000,28709342.53
2024-05-21,2.906000,3.028000,2.781000,2.831000,40903169.04
2024-05-22,2.831000,2.840000,2.624000,2.668000,37659333.09
2024-05-23,2.669000,2.871000,2.433000,2.623000,75175661.30
2024-05-24,2.623000,2.673000,2.455000,2.522000,29652132.84
2024-05-25,2.521000,2.610000,2.501000,2.551000,20057043.09
2024-05-26,2.551000,2.642000,2.504000,2.530000,19318558.63
2024-05-27,2.530000,2.649000,2.513000,2.587000,29985415.76
2024-05-28,2.588000,2.596000,2.482000,2.548000,23764817.40
2024-05-29,2.548000,2.595000,2.486000,2.494000,15875961.21
2024-05-30,2.494000,2.540000,2.399000,2.476000,17164242.06
2024-05-31,2.477000,2.520000,2.407000,2.455000,12184273.46
2024-06-01,2.455000,2.489000,2.450000,2.475000,6062194.84
2024-06-02,2.475000,2.499000,2.341000,2.379000,13552666.67
2024-06-03,2.379000,2.469000,2.359000,2.402000,13091435.73
2024-06-04,2.401000,2.481000,2.383000,2.478000,12770915.45
2024-06-05,2.479000,2.548000,2.472000,2.524000,12547562.92
2024-06-06,2.525000,2.532000,2.445000,2.484000,8831218.76
2024-06-07,2.484000,2.559000,2.055000,2.262000,32995707.84
2024-06-08,2.262000,2.274000,2.138000,2.168000,19033506.42
2024-06-09,2.167000,2.256000,2.159000,2.231000,11690070.60
2024-06-10,2.231000,2.249000,2.162000,2.187000,10656982.50
2024-06-11,2.188000,2.197000,2.030000,2.057000,27125893.42
2024-06-12,2.058000,2.212000,2.001000,2.146000,25928453.72
2024-06-13,2.147000,2.148000,2.001000,2.015000,13716829.84
2024-06-14,2.015000,2.058000,1.893000,2.004000,21341765.46
2024-06-15,2.004000,2.105000,2.001000,2.104000,12890090.61
2024-06-16,2.104000,2.126000,2.036000,2.095000,10374378.85
2024-06-17,2.094000,2.103000,1.900000,1.936000,22664167.18
2024-06-18,1.936000,1.945000,1.660000,1.829000,36466167.57
2024-06-19,1.829000,1.961000,1.806000,1.912000,20697537.24
2024-06-20,1.912000,2.006000,1.829000,1.835000,18749380.74
2024-06-21,1.835000,1.881000,1.806000,1.813000,12856835.20
2024-06-22,1.814000,1.821000,1.778000,1.790000,6158817.66
2024-06-23,1.790000,1.828000,1.703000,1.712000,8889789.49
2024-06-24,1.712000,1.776000,1.610000,1.773000,20451078.05
2024-06-25,1.773000,1.800000,1.723000,1.763000,14045103.22
2024-06-26,1.763000,1.800000,1.709000,1.786000,11537107.75
2024-06-27,1.787000,1.839000,1.731000,1.800000,16808884.04
2024-06-28,1.800000,1.843000,1.744000,1.750000,11721144.84
2024-06-29,1.751000,1.794000,1.736000,1.742000,5727500.60
2024-06-30,1.742000,1.808000,1.721000,1.803000,8605543.70
2024-07-01,1.804000,1.868000,1.744000,1.753000,10952391.73
2024-07-02,1.753000,1.787000,1.733000,1.771000,8652482.67
2024-07-03,1.772000,1.783000,1.615000,1.637000,14718460.63
2024-07-04,1.637000,1.651000,1.429000,1.443000,26873182.87
2024-07-05,1.443000,1.446000,1.222000,1.330000,63428583.87
2024-07-06,1.331000,1.499000,1.314000,1.487000,19958147.26
2024-07-07,1.487000,1.494000,1.375000,1.382000,14407020.22
2024-07-08,1.383000,1.532000,1.318000,1.482000,30886785.49
2024-07-09,1.482000,1.628000,1.473000,1.619000,19940301.83
2024-07-10,1.617000,1.686000,1.581000,1.676000,17188273.17
2024-07-11,1.677000,1.723000,1.643000,1.659000,11996779.13
2024-07-12,1.660000,1.753000,1.639000,1.712000,15663590.65
2024-07-13,1.712000,1.741000,1.668000,1.689000,9222136.65
2024-07-14,1.690000,1.829000,1.689000,1.801000,11358951.47
2024-07-15,1.800000,1.871000,1.759000,1.851000,18820118.33
2024-07-16,1.851000,1.865000,1.707000,1.790000,25233489.44
2024-07-17,1.791000,1.890000,1.790000,1.810000,14956586.77
2024-07-18,1.810000,1.845000,1.750000,1.826000,11849794.63
2024-07-19,1.827000,1.961000,1.776000,1.956000,15720984.68
2024-07-20,1.955000,1.973000,1.909000,1.926000,7348364.30
2024-07-21,1.926000,1.983000,1.864000,1.973000,14029673.92
2024-07-22,1.973000,1.989000,1.860000,1.874000,9428451.70
2024-07-23,1.874000,1.962000,1.815000,1.871000,20400938.36
2024-07-24,1.871000,1.889000,1.729000,1.735000,8285169.82
2024-07-25,1.736000,1.751000,1.628000,1.694000,13575367.79
2024-07-26,1.694000,1.764000,1.690000,1.735000,6435497.88
2024-07-27,1.735000,1.784000,1.701000,1.745000,6843034.49
2024-07-28,1.746000,1.760000,1.683000,1.703000,4241232.85
2024-07-29,1.703000,1.769000,1.657000,1.667000,8254560.32
2024-07-30,1.667000,1.715000,1.590000,1.629000,6890150.06
2024-07-31,1.629000,1.665000,1.562000,1.582000,6707638.23
2024-08-01,1.582000,1.605000,1.463000,1.574000,10295948.66
2024-08-02,1.573000,1.589000,1.431000,1.463000,13581514.61
2024-08-03,1.463000,1.516000,1.375000,1.423000,14783587.39
2024-08-04,1.424000,1.448000,1.286000,1.330000,12037674.24
2024-08-05,1.330000,1.339000,1.061000,1.170000,64695529.81
2024-08-06,1.171000,1.332000,1.169000,1.275000,23779993.78
2024-08-07,1.275000,1.322000,1.182000,1.199000,12143625.19
2024-08-08,1.199000,1.427000,1.178000,1.426000,17381837.10
2024-08-09,1.427000,1.442000,1.358000,1.410000,10637997.09
2024-08-10,1.410000,1.456000,1.384000,1.426000,7715295.23
2024-08-11,1.427000,1.482000,1.300000,1.309000,13437657.50
2024-08-12,1.309000,1.430000,1.291000,1.380000,20958164.73
2024-08-13,1.380000,1.386000,1.315000,1.365000,9797276.85
2024-08-14,1.366000,1.399000,1.295000,1.327000,12096962.67
2024-08-15,1.328000,1.342000,1.224000,1.250000,15812054.86
2024-08-16,1.251000,1.300000,1.234000,1.280000,12419981.64
2024-08-17,1.281000,1.343000,1.259000,1.342000,15438984.64
2024-08-18,1.342000,1.376000,1.318000,1.335000,11816875.89
2024-08-19,1.335000,1.388000,1.302000,1.370000,14922615.18
2024-08-20,1.370000,1.404000,1.320000,1.352000,8385072.90
2024-08-21,1.352000,1.451000,1.339000,1.448000,9901100.08
2024-08-22,1.449000,1.518000,1.416000,1.510000,9674080.69
2024-08-23,1.511000,1.640000,1.504000,1.614000,13713288.01
2024-08-24,1.614000,1.647000,1.578000,1.605000,11652560.18
2024-08-25,1.605000,1.607000,1.522000,1.551000,10515733.43
2024-08-26,1.551000,1.566000,1.471000,1.485000,9343392.62
2024-08-27,1.485000,1.517000,1.351000,1.373000,17608818.49
2024-08-28,1.373000,1.441000,1.360000,1.425000,17260993.50
2024-08-29,1.426000,1.496000,1.402000,1.426000,11951499.98
2024-08-30,1.425000,1.478000,1.368000,1.470000,11867006.76
2024-08-31,1.470000,1.483000,1.414000,1.417000,5168866.00
2024-09-01,1.417000,1.423000,1.346000,1.357000,7032762.36
2024-09-02,1.357000,1.426000,1.340000,1.408000,8593270.84
2024-09-03,1.409000,1.439000,1.340000,1.348000,7263997.72
2024-09-04,1.349000,1.381000,1.271000,1.348000,12290921.13
2024-09-05,1.348000,1.366000,1.324000,1.358000,8677984.07
2024-09-06,1.358000,1.384000,1.289000,1.337000,20451288.50
2024-09-07,1.337000,1.436000,1.337000,1.417000,9288093.75
2024-09-08,1.417000,1.473000,1.393000,1.418000,12230800.84
2024-09-09,1.418000,1.547000,1.418000,1.531000,9875755.68
2024-09-10,1.531000,1.636000,1.522000,1.610000,11576584.95
2024-09-11,1.611000,1.617000,1.534000,1.545000,11892827.30
2024-09-12,1.546000,1.574000,1.510000,1.539000,10611460.06
2024-09-13,1.539000,1.564000,1.502000,1.548000,7473819.71
2024-09-14,1.549000,1.574000,1.528000,1.568000,5634672.48
2024-09-15,1.568000,1.589000,1.465000,1.473000,6994783.61
2024-09-16,1.473000,1.502000,1.431000,1.452000,8380234.65
2024-09-17,1.453000,1.507000,1.438000,1.452000,11107874.35
2024-09-18,1.453000,1.514000,1.408000,1.512000,11156922.11
2024-09-19,1.513000,1.652000,1.513000,1.606000,14148198.91
2024-09-20,1.605000,1.697000,1.577000,1.681000,15831471.16
2024-09-21,1.681000,1.773000,1.621000,1.768000,13077163.92
2024-09-22,1.768000,1.810000,1.649000,1.690000,11176903.20
2024-09-23,1.691000,1.773000,1.659000,1.697000,13495455.30
2024-09-24,1.697000,1.752000,1.590000,1.735000,14712052.54
2024-09-25,1.735000,1.768000,1.677000,1.683000,10763907.77
2024-09-26,1.684000,1.782000,1.659000,1.751000,12292885.98
2024-09-27,1.751000,1.940000,1.744000,1.900000,18746016.07
2024-09-28,1.901000,1.923000,1.830000,1.880000,7429086.12
2024-09-29,1.880000,1.923000,1.834000,1.902000,9172812.41
2024-09-30,1.903000,1.923000,1.735000,1.749000,15980099.14
2024-10-01,1.749000,1.879000,1.604000,1.664000,23632018.34
2024-10-02,1.663000,1.711000,1.568000,1.585000,15511546.88
2024-10-03,1.586000,1.619000,1.474000,1.519000,16339123.57
2024-10-04,1.520000,1.625000,1.510000,1.606000,10969254.18
2024-10-05,1.606000,1.648000,1.570000,1.596000,7621188.59
2024-10-06,1.596000,1.686000,1.576000,1.684000,6208007.95
2024-10-07,1.684000,1.733000,1.637000,1.662000,12193366.66
2024-10-08,1.662000,1.707000,1.591000,1.637000,9475370.14
2024-10-09,1.637000,1.668000,1.515000,1.533000,11681889.19
2024-10-10,1.533000,1.560000,1.483000,1.555000,11214612.95
2024-10-11,1.556000,1.718000,1.546000,1.694000,14832592.20
2024-10-12,1.695000,1.756000,1.692000,1.716000,7880873.72
2024-10-13,1.717000,1.721000,1.652000,1.714000,8166884.50
2024-10-14,1.714000,1.806000,1.687000,1.781000,10090682.15
2024-10-15,1.781000,1.821000,1.689000,1.734000,12817199.31
2024-10-16,1.735000,1.800000,1.700000,1.747000,11068981.70
2024-10-17,1.747000,1.762000,1.653000,1.673000,7561278.44
2024-10-18,1.674000,1.736000,1.656000,1.718000,7380934.08
2024-10-19,1.719000,1.737000,1.676000,1.692000,3865981.47
2024-10-20,1.692000,1.813000,1.664000,1.810000,10779079.09
2024-10-21,1.811000,1.835000,1.701000,1.717000,10182467.70
2024-10-22,1.717000,1.752000,1.675000,1.702000,8327642.59
2024-10-23,1.703000,1.738000,1.656000,1.723000,12829466.62
2024-10-24,1.724000,1.755000,1.671000,1.710000,9985878.22
2024-10-25,1.710000,1.742000,1.497000,1.559000,19673357.56
2024-10-26,1.559000,1.601000,1.536000,1.565000,9399789.73
2024-10-27,1.566000,1.611000,1.556000,1.594000,5587066.40
2024-10-28,1.593000,1.640000,1.537000,1.619000,13298510.10
2024-10-29,1.620000,1.731000,1.613000,1.703000,12493504.89
2024-10-30,1.703000,1.800000,1.673000,1.718000,12109444.11
2024-10-31,1.718000,1.729000,1.597000,1.612000,8762158.31
2024-11-01,1.613000,1.648000,1.508000,1.521000,11392622.66
2024-11-02,1.522000,1.534000,1.424000,1.458000,12898977.28
2024-11-03,1.458000,1.471000,1.351000,1.432000,15848218.50
2024-11-04,1.432000,1.447000,1.299000,1.343000,16772710.30
2024-11-05,1.343000,1.448000,1.341000,1.415000,13980025.47
2024-11-06,1.416000,1.639000,1.415000,1.601000,25092554.38
2024-11-07,1.601000,1.698000,1.543000,1.604000,22678290.21
2024-11-08,1.603000,1.638000,1.517000,1.579000,16263755.84
2024-11-09,1.580000,1.684000,1.559000,1.647000,25612423.06
2024-11-10,1.647000,1.733000,1.549000,1.641000,63838670.18
2024-11-11,1.641000,1.821000,1.608000,1.820000,58955473.21
2024-11-12,1.821000,1.861000,1.581000,1.665000,72535109.44
2024-11-13,1.665000,1.696000,1.500000,1.621000,60255264.86
2024-11-14,1.621000,1.707000,1.485000,1.511000,39469030.31
2024-11-15,1.512000,1.600000,1.475000,1.585000,24774237.73
2024-11-16,1.585000,1.819000,1.569000,1.777000,35974055.13
2024-11-17,1.778000,1.822000,1.646000,1.678000,36881303.46
2024-11-18,1.678000,1.845000,1.663000,1.832000,39220912.32
2024-11-19,1.832000,1.849000,1.688000,1.760000,21361501.97
2024-11-20,1.761000,1.806000,1.622000,1.649000,25334487.27
2024-11-21,1.650000,2.220000,1.601000,2.083000,95643587.96
2024-11-22,2.083000,2.350000,2.007000,2.209000,83094713.85
2024-11-23,2.209000,2.336000,2.153000,2.205000,62820496.13
2024-11-24,2.205000,2.345000,2.032000,2.201000,43040629.58
2024-11-25,2.202000,2.439000,2.106000,2.299000,68063868.57
2024-11-26,2.299000,2.361000,2.103000,2.203000,44535908.83
2024-11-27,2.204000,2.510000,2.155000,2.507000,42706050.06
2024-11-28,2.507000,2.624000,2.288000,2.360000,40029356.88
2024-11-29,2.360000,2.412000,2.302000,2.383000,20226170.52
2024-11-30,2.383000,2.499000,2.347000,2.449000,25630559.53
2024-12-01,2.449000,2.547000,2.375000,2.467000,27675151.88
2024-12-02,2.466000,2.575000,2.281000,2.560000,44080168.38
2024-12-03,2.559000,2.598000,2.321000,2.550000,42207153.19
2024-12-04,2.551000,2.763000,2.503000,2.546000,62520201.31
2024-12-05,2.548000,2.629000,2.412000,2.496000,44728557.63
2024-12-06,2.497000,2.731000,2.458000,2.664000,53857372.13
2024-12-07,2.665000,2.773000,2.649000,2.675000,20297333.75
2024-12-08,2.676000,2.708000,2.593000,2.670000,14051613.35
2024-12-09,2.671000,2.671000,2.001000,2.239000,57283830.33
2024-12-10,2.239000,2.310000,2.034000,2.203000,47936240.53
2024-12-11,2.204000,2.360000,2.117000,2.334000,21932741.26
2024-12-12,2.335000,2.680000,2.316000,2.549000,49215518.18
2024-12-13,2.550000,2.691000,2.474000,2.566000,40656282.28
2024-12-14,2.567000,2.658000,2.375000,2.439000,26537602.51
2024-12-15,2.439000,2.551000,2.407000,2.539000,20047091.40
2024-12-16,2.539000,2.635000,2.465000,2.497000,29062745.70
2024-12-17,2.497000,2.529000,2.307000,2.338000,20665240.15
2024-12-18,2.340000,2.394000,2.145000,2.156000,36245688.26
2024-12-19,2.156000,2.187000,1.831000,1.907000,54942605.60
2024-12-20,1.907000,1.991000,1.611000,1.889000,69623083.77
2024-12-21,1.889000,2.013000,1.721000,1.746000,30543592.06
2024-12-22,1.747000,1.824000,1.706000,1.761000,20888311.64
2024-12-23,1.762000,1.960000,1.700000,1.928000,35930002.92
2024-12-24,1.928000,1.985000,1.864000,1.951000,19455988.77
2024-12-25,1.952000,1.980000,1.881000,1.920000,13435521.98
2024-12-26,1.920000,1.936000,1.754000,1.780000,17594844.86
2024-12-27,1.780000,1.908000,1.768000,1.857000,21420146.94
2024-12-28,1.858000,1.911000,1.817000,1.896000,12444197.61
2024-12-29,1.896000,1.900000,1.792000,1.809000,7559300.85
2024-12-30,1.809000,1.926000,1.763000,1.824000,25638368.81
2024-12-31,1.825000,1.882000,1.738000,1.753000,19378946.82
2025-01-01,1.754000,1.842000,1.734000,1.818000,12372944.46
2025-01-02,1.819000,1.895000,1.813000,1.880000,15692481.45
2025-01-03,1.880000,2.025000,1.836000,2.017000,21581989.72
2025-01-04,2.016000,2.120000,1.984000,2.062000,20407126.84
2025-01-05,2.062000,2.119000,2.027000,2.094000,13752992.96
2025-01-06,2.094000,2.186000,2.062000,2.110000,18297708.75
2025-01-07,2.111000,2.127000,1.882000,1.891000,20788012.04
2025-01-08,1.892000,1.924000,1.707000,1.805000,21335083.05
2025-01-09,1.804000,1.841000,1.707000,1.750000,19546371.13
2025-01-10,1.751000,1.828000,1.728000,1.790000,14095614.93
2025-01-11,1.790000,1.825000,1.761000,1.793000,5563485.76
2025-01-12,1.793000,1.816000,1.759000,1.783000,5094717.69
2025-01-13,1.783000,1.828000,1.578000,1.728000,23657716.32
2025-01-14,1.727000,1.800000,1.716000,1.788000,9954750.11
2025-01-15,1.788000,1.903000,1.741000,1.900000,16048770.87
2025-01-16,1.901000,1.917000,1.822000,1.838000,18688659.57
2025-01-17,1.838000,1.993000,1.837000,1.963000,16897680.87
2025-01-18,1.963000,1.999000,1.778000,1.827000,20969922.54
2025-01-19,1.827000,1.917000,1.676000,1.707000,70565533.09
2025-01-20,1.707000,1.856000,1.625000,1.704000,83892774.17
2025-01-21,1.704000,1.789000,1.621000,1.749000,26781651.19
2025-01-22,1.749000,1.772000,1.704000,1.714000,12817231.97
2025-01-23,1.714000,1.739000,1.655000,1.724000,19641902.81
2025-01-24,1.724000,1.815000,1.682000,1.720000,18573893.58
2025-01-25,1.719000,1.719000,1.631000,1.634000,11406713.38
2025-01-26,1.634000,1.676000,1.560000,1.562000,12415657.10
2025-01-27,1.562000,1.562000,1.316000,1.457000,55348398.87
2025-01-28,1.458000,1.477000,1.357000,1.371000,13156194.19
2025-01-29,1.370000,1.512000,1.368000,1.434000,22042603.17
2025-01-30,1.435000,1.504000,1.419000,1.454000,13977571.02
2025-01-31,1.453000,1.503000,1.379000,1.428000,33866289.14
2025-02-01,1.427000,1.459000,1.326000,1.336000,18625400.89
2025-02-02,1.335000,1.369000,1.051000,1.117000,64397002.26
2025-02-03,1.118000,1.212000,0.786000,1.187000,196289795.04
2025-02-04,1.186000,1.193000,1.044000,1.111000,63857848.64
2025-02-05,1.112000,1.146000,1.071000,1.089000,29080890.81
2025-02-06,1.089000,1.132000,1.023000,1.038000,24668879.17
2025-02-07,1.038000,1.117000,0.983000,1.019000,26566772.08
2025-02-08,1.019000,1.071000,0.999000,1.061000,13977942.79
2025-02-09,1.061000,1.090000,1.016000,1.079000,15907125.50
2025-02-10,1.078000,1.116000,1.038000,1.098000,22925601.43
2025-02-11,1.097000,1.143000,1.051000,1.071000,19570792.57
2025-02-12,1.071000,1.153000,1.025000,1.122000,28030785.92
2025-02-13,1.123000,1.162000,1.085000,1.124000,19771764.21
2025-02-14,1.124000,1.199000,1.112000,1.157000,20899510.27
2025-02-15,1.158000,1.165000,1.115000,1.129000,10002015.97
2025-02-16,1.129000,1.149000,1.100000,1.117000,8711974.10
2025-02-17,1.117000,1.213000,1.104000,1.206000,27986677.55
2025-02-18,1.206000,1.217000,1.043000,1.088000,28995939.98
2025-02-19,1.088000,1.153000,1.075000,1.127000,16140210.68
2025-02-20,1.127000,1.183000,1.123000,1.163000,18742868.58
2025-02-21,1.163000,1.205000,1.075000,1.089000,28953574.70
2025-02-22,1.090000,1.155000,1.072000,1.143000,17128020.68
2025-02-23,1.144000,1.192000,1.138000,1.180000,18310593.09
2025-02-24,1.180000,1.199000,0.976000,1.004000,39894853.57
2025-02-25,1.003000,1.093000,0.932000,1.079000,58986124.77
2025-02-26,1.079000,1.179000,1.052000,1.156000,40715833.73
2025-02-27,1.156000,1.208000,1.073000,1.108000,29203014.45
2025-02-28,1.108000,1.114000,1.017000,1.080000,37531902.44
2025-03-01,1.081000,1.101000,1.025000,1.042000,17219627.31
2025-03-02,1.042000,1.180000,1.032000,1.169000,29132088.36
2025-03-03,1.168000,1.172000,0.961000,0.984000,34614434.28
2025-03-04,0.985000,0.990000,0.874000,0.942000,54450237.25
2025-03-05,0.941000,1.008000,0.923000,0.987000,26075818.41
2025-03-06,0.987000,1.045000,0.954000,0.954000,24486856.86
2025-03-07,0.954000,1.001000,0.912000,0.956000,35974702.52
2025-03-08,0.956000,0.963000,0.918000,0.935000,11917917.49
2025-03-09,0.935000,0.941000,0.840000,0.848000,19092976.88
2025-03-10,0.849000,0.932000,0.800000,0.803000,45736002.20
2025-03-11,0.804000,0.881000,0.741000,0.851000,54847653.01
2025-03-12,0.851000,0.883000,0.810000,0.878000,31000389.35
2025-03-13,0.879000,0.887000,0.820000,0.837000,31899376.47
2025-03-14,0.837000,0.891000,0.833000,0.867000,14634897.92
2025-03-15,0.867000,0.896000,0.859000,0.887000,11483938.83
2025-03-16,0.887000,0.892000,0.821000,0.831000,22591248.62
2025-03-17,0.830000,0.915000,0.830000,0.887000,21632809.20
2025-03-18,0.887000,0.888000,0.837000,0.874000,11342961.01
2025-03-19,0.874000,0.937000,0.868000,0.921000,25325269.72
2025-03-20,0.921000,0.926000,0.868000,0.881000,13824700.02
2025-03-21,0.880000,0.888000,0.838000,0.847000,11967924.34
2025-03-22,0.847000,0.876000,0.847000,0.861000,5664848.31
2025-03-23,0.860000,0.873000,0.840000,0.859000,10162868.15
2025-03-24,0.859000,0.917000,0.846000,0.905000,12837005.12
2025-03-25,0.905000,0.916000,0.885000,0.904000,11120752.99
2025-03-26,0.904000,0.931000,0.875000,0.886000,9109556.48
2025-03-27,0.885000,0.930000,0.883000,0.905000,10112166.21
2025-03-28,0.905000,0.913000,0.820000,0.833000,13037912.49
2025-03-29,0.832000,0.839000,0.752000,0.766000,11621028.21
2025-03-30,0.766000,0.780000,0.734000,0.743000,10558901.98
2025-03-31,0.744000,0.760000,0.718000,0.734000,13432077.46
2025-04-01,0.733000,0.775000,0.731000,0.757000,12840962.89
2025-04-02,0.757000,0.760000,0.697000,0.701000,23348488.25
2025-04-03,0.701000,0.728000,0.657000,0.700000,21720000.43
2025-04-04,0.700000,0.720000,0.677000,0.710000,14828486.97
2025-04-05,0.709000,0.715000,0.686000,0.696000,7103470.56
2025-04-06,0.697000,0.697000,0.582000,0.601000,27742865.60
2025-04-07,0.601000,0.636000,0.545000,0.614000,50576706.91
2025-04-08,0.615000,0.635000,0.581000,0.591000,22193595.56
2025-04-09,0.591000,0.677000,0.568000,0.663000,31441069.63
2025-04-10,0.664000,0.664000,0.628000,0.640000,17371407.71
2025-04-11,0.639000,0.672000,0.638000,0.662000,13763289.46
2025-04-12,0.662000,0.696000,0.655000,0.689000,11299674.45
2025-04-13,0.689000,0.711000,0.660000,0.672000,17762550.96
2025-04-14,0.673000,0.703000,0.646000,0.660000,18175086.79
2025-04-15,0.659000,0.667000,0.634000,0.637000,10530316.80
2025-04-16,0.637000,0.649000,0.616000,0.634000,12641265.37
2025-04-17,0.634000,0.655000,0.629000,0.646000,8920923.36
2025-04-18,0.646000,0.668000,0.639000,0.663000,6416877.60
2025-04-19,0.663000,0.713000,0.662000,0.703000,8404813.93
2025-04-20,0.703000,0.724000,0.696000,0.716000,8243328.18
2025-04-21,0.716000,0.736000,0.696000,0.701000,10719729.71
2025-04-22,0.700000,0.743000,0.676000,0.741000,15036043.24
2025-04-23,0.741000,0.778000,0.738000,0.772000,19468733.66
2025-04-24,0.771000,0.796000,0.741000,0.792000,15293952.33
2025-04-25,0.791000,0.821000,0.775000,0.807000,17636921.31
2025-04-26,0.808000,0.848000,0.808000,0.842000,10138373.47
2025-04-27,0.843000,0.855000,0.773000,0.774000,17499758.48
2025-04-28,0.773000,0.804000,0.754000,0.783000,17617476.67
2025-04-29,0.784000,0.798000,0.750000,0.758000,11692538.53
2025-04-30,0.758000,0.763000,0.722000,0.729000,15701337.16
2025-05-01,0.729000,0.747000,0.724000,0.731000,16741359.89
2025-05-02,0.730000,0.748000,0.698000,0.713000,24356717.61
2025-05-03,0.712000,0.718000,0.660000,0.678000,14588350.32
2025-05-04,0.678000,0.688000,0.654000,0.665000,12209035.46
2025-05-05,0.664000,0.682000,0.638000,0.641000,14946762.04
2025-05-06,0.642000,0.643000,0.583000,0.611000,22478868.63
2025-05-07,0.610000,0.633000,0.573000,0.597000,30624195.92
2025-05-08,0.596000,0.699000,0.594000,0.692000,49958542.61
2025-05-09,0.693000,0.770000,0.689000,0.761000,57381862.85
2025-05-10,0.761000,0.935000,0.751000,0.910000,62961262.94
2025-05-11,0.910000,0.954000,0.836000,0.862000,67807631.74
2025-05-12,0.863000,0.914000,0.805000,0.824000,67223965.92
2025-05-13,0.824000,0.912000,0.771000,0.903000,48244679.29
2025-05-14,0.903000,0.920000,0.801000,0.818000,41854965.28
2025-05-15,0.818000,0.845000,0.727000,0.750000,48940834.18
2025-05-16,0.750000,0.772000,0.697000,0.708000,32106092.30
2025-05-17,0.709000,0.714000,0.685000,0.698000,19930963.44
2025-05-18,0.698000,0.753000,0.666000,0.730000,32021651.65
2025-05-19,0.730000,0.737000,0.675000,0.713000,28610451.82
2025-05-20,0.712000,0.740000,0.691000,0.720000,26487487.58
2025-05-21,0.721000,0.775000,0.707000,0.743000,52507801.31
2025-05-22,0.744000,0.830000,0.741000,0.812000,43442044.26
2025-05-23,0.811000,0.844000,0.737000,0.744000,54007813.10
2025-05-24,0.744000,0.780000,0.737000,0.744000,18271648.43
2025-05-25,0.743000,0.752000,0.706000,0.746000,21842203.34
2025-05-26,0.746000,0.784000,0.740000,0.760000,22287400.98
2025-05-27,0.761000,0.790000,0.741000,0.761000,26187679.45
2025-05-28,0.761000,0.797000,0.744000,0.778000,30230162.07
2025-05-29,0.778000,0.823000,0.728000,0.732000,39953720.82
2025-05-30,0.732000,0.735000,0.617000,0.621000,62786675.49
2025-05-31,0.621000,0.662000,0.597000,0.650000,39606549.88
2025-06-01,0.650000,0.662000,0.631000,0.649000,21855442.93
2025-06-02,0.649000,0.675000,0.628000,0.669000,24576182.47
2025-06-03,0.669000,0.690000,0.658000,0.665000,25604948.39
2025-06-04,0.664000,0.680000,0.623000,0.627000,25503969.85
2025-06-05,0.627000,0.652000,0.579000,0.590000,43416699.39
2025-06-06,0.590000,0.616000,0.585000,0.592000,28315341.40
2025-06-07,0.592000,0.640000,0.591000,0.627000,21849604.32
2025-06-08,0.627000,0.629000,0.608000,0.610000,22523104.35
2025-06-09,0.611000,0.659000,0.593000,0.655000,30064970.18
2025-06-10,0.656000,0.725000,0.636000,0.725000,59559602.62
2025-06-11,0.725000,0.750000,0.686000,0.694000,53232116.10
2025-06-12,0.694000,0.705000,0.628000,0.630000,38271949.85
2025-06-13,0.629000,0.630000,0.559000,0.591000,102477217.79
2025-06-14,0.591000,0.607000,0.583000,0.600000,38182291.55
2025-06-15,0.599000,0.603000,0.575000,0.592000,22540162.39
2025-06-16,0.592000,0.618000,0.580000,0.583000,54696982.86
2025-06-17,0.583000,0.597000,0.545000,0.559000,52153430.33
2025-06-18,0.560000,0.571000,0.532000,0.564000,49095606.02
2025-06-19,0.564000,0.576000,0.555000,0.565000,17256228.53
2025-06-20,0.565000,0.580000,0.534000,0.542000,35803209.90
2025-06-21,0.542000,0.554000,0.495000,0.506000,40243418.75
2025-06-22,0.507000,0.521000,0.457000,0.486000,67333382.27
2025-06-23,0.486000,0.553000,0.483000,0.547000,43576966.15
2025-06-24,0.547000,0.576000,0.543000,0.555000,28666270.41
2025-06-25,0.556000,0.559000,0.536000,0.540000,24446708.46
2025-06-26,0.540000,0.559000,0.520000,0.529000,23131496.63
2025-06-27,0.529000,0.541000,0.522000,0.535000,17996136.69
2025-06-28,0.535000,0.556000,0.531000,0.552000,10447080.08
2025-06-29,0.552000,0.623000,0.548000,0.607000,29828471.95
2025-06-30,0.607000,0.610000,0.563000,0.568000,29991132.84
2025-07-01,0.568000,0.572000,0.524000,0.528000,19772578.73
2025-07-02,0.528000,0.575000,0.523000,0.564000,29588939.96
2025-07-03,0.563000,0.590000,0.561000,0.574000,23534464.84
2025-07-04,0.573000,0.580000,0.525000,0.531000,18498158.90
2025-07-05,0.530000,0.539000,0.519000,0.533000,10395703.05
2025-07-06,0.532000,0.555000,0.520000,0.543000,20709229.02
2025-07-07,0.544000,0.555000,0.535000,0.546000,20687888.29
2025-07-08,0.545000,0.553000,0.530000,0.549000,21901855.38
2025-07-09,0.549000,0.600000,0.535000,0.588000,43738294.16
2025-07-10,0.587000,0.662000,0.579000,0.658000,51507511.14
2025-07-11,0.658000,0.701000,0.646000,0.659000,65779778.26
2025-07-12,0.659000,0.668000,0.616000,0.648000,33696667.44
2025-07-13,0.649000,0.675000,0.642000,0.654000,21494564.28
2025-07-14,0.654000,0.701000,0.644000,0.658000,46134427.69
2025-07-15,0.659000,0.709000,0.633000,0.706000,39407651.83
2025-07-16,0.706000,0.737000,0.687000,0.706000,58821369.74
2025-07-17,0.706000,0.731000,0.683000,0.719000,53775724.73
2025-07-18,0.720000,0.821000,0.714000,0.749000,100339134.01
2025-07-19,0.748000,0.791000,0.722000,0.763000,34008627.04
2025-07-20,0.763000,0.813000,0.751000,0.784000,44938003.46
2025-07-21,0.784000,0.822000,0.763000,0.807000,47517620.17
2025-07-22,0.807000,0.814000,0.734000,0.801000,63088389.58
2025-07-23,0.801000,0.803000,0.670000,0.690000,58529331.82
2025-07-24,0.690000,0.731000,0.648000,0.692000,53301766.40
2025-07-25,0.693000,0.724000,0.664000,0.720000,42583970.88
2025-07-26,0.719000,0.737000,0.714000,0.722000,15038880.37
2025-07-27,0.723000,0.751000,0.716000,0.743000,21829729.78
2025-07-28,0.742000,0.873000,0.729000,0.759000,214352400.49
2025-07-29,0.759000,0.787000,0.711000,0.726000,62136645.53
2025-07-30,0.726000,0.728000,0.667000,0.706000,46736445.11
2025-07-31,0.706000,0.730000,0.661000,0.667000,29995105.39
2025-08-01,0.667000,0.673000,0.622000,0.648000,46869991.09
2025-08-02,0.648000,0.655000,0.614000,0.632000,27412201.39
2025-08-03,0.631000,0.660000,0.623000,0.656000,16008829.39
2025-08-04,0.657000,0.716000,0.655000,0.704000,31138833.70
2025-08-05,0.705000,0.706000,0.642000,0.661000,33545378.69
2025-08-06,0.661000,0.678000,0.641000,0.668000,24707344.25
2025-08-07,0.668000,0.719000,0.664000,0.716000,29199969.11
2025-08-08,0.717000,0.769000,0.705000,0.757000,57193358.89
2025-08-09,0.757000,0.816000,0.757000,0.810000,46718969.88
2025-08-10,0.810000,0.818000,0.753000,0.789000,40414310.10
2025-08-11,0.789000,0.814000,0.720000,0.749000,46083721.08
2025-08-12,0.748000,0.800000,0.738000,0.786000,40684772.68
2025-08-13,0.787000,0.884000,0.774000,0.874000,77197801.35
2025-08-14,0.873000,0.874000,0.739000,0.753000,85401937.66
2025-08-15,0.752000,0.772000,0.709000,0.724000,52673136.32
2025-08-16,0.724000,0.743000,0.713000,0.740000,14052148.93
2025-08-17,0.741000,0.786000,0.733000,0.760000,27257552.67
2025-08-18,0.760000,0.764000,0.714000,0.721000,32259723.42
2025-08-19,0.721000,0.736000,0.685000,0.687000,33890627.24
2025-08-20,0.687000,0.732000,0.682000,0.726000,24767948.42
2025-08-21,0.727000,0.733000,0.702800,0.713800,26686918.11
2025-08-22,0.713700,0.805800,0.686600,0.789000,56985765.74
2025-08-23,0.789000,0.828800,0.760500,0.810900,35275054.82
2025-08-24,0.810900,0.818700,0.763600,0.775400,49742256.23
2025-08-25,0.775500,0.785000,0.678800,0.687800,58391091.75
2025-08-26,0.687800,0.716300,0.683000,0.705900,39029472.47
2025-08-27,0.705800,0.713600,0.693200,0.697400,29910968.54
2025-08-28,0.697300,0.740900,0.691300,0.737700,35934202.70
2025-08-29,0.737700,0.739300,0.674800,0.693200,42967252.86
2025-08-30,0.693300,0.722200,0.678600,0.706600,14610021.54
2025-08-31,0.706700,0.719600,0.691000,0.691900,17853295.20
2025-09-01,0.691900,0.723800,0.653300,0.673000,38852377.32
2025-09-02,0.673100,0.713600,0.668300,0.710500,23774909.71
2025-09-03,0.710400,0.728100,0.702200,0.719000,15804021.37
2025-09-04,0.718800,0.722500,0.681300,0.689900,13705605.61
2025-09-05,0.689800,0.732500,0.688500,0.719700,21124331.14
2025-09-06,0.719800,0.723500,0.708300,0.712200,8770569.19
2025-09-07,0.712300,0.726900,0.710700,0.720800,9040006.68
2025-09-08,0.720900,0.758400,0.717700,0.751600,28395631.52
2025-09-09,0.751700,0.800000,0.741000,0.763900,54440496.49
2025-09-10,0.763900,0.791400,0.758000,0.773500,21850408.01
2025-09-11,0.773400,0.795400,0.766400,0.790000,24169906.96
2025-09-12,0.789900,0.808300,0.767900,0.801300,27748863.58
2025-09-13,0.801300,0.836000,0.795200,0.820300,32542296.23
2025-09-14,0.820200,0.821900,0.768800,0.785500,22119646.61
2025-09-15,0.785400,0.807700,0.731300,0.743400,31490477.69
2025-09-16,0.743300,0.787300,0.731900,0.778700,19408394.75
2025-09-17,0.778800,0.819500,0.756600,0.811900,27803086.17
2025-09-18,0.812000,0.839600,0.805300,0.831600,25257148.55
2025-09-19,0.831600,0.856000,0.784900,0.791800,30515453.64
2025-09-20,0.791700,0.826300,0.785800,0.808700,13419688.76
2025-09-21,0.808700,0.819800,0.776600,0.778800,15649355.07
2025-09-22,0.778800,0.781600,0.685000,0.703600,52154380.27
2025-09-23,0.703400,0.713100,0.680000,0.682400,20475380.62
2025-09-24,0.682500,0.710500,0.673100,0.682200,18454021.73
2025-09-25,0.682200,0.685700,0.633700,0.641300,41067135.61
2025-09-26,0.641400,0.673000,0.635800,0.669500,23312426.18
2025-09-27,0.669500,0.680700,0.660300,0.672700,12036349.31
2025-09-28,0.672800,0.685600,0.652100,0.682600,10844872.10
2025-09-29,0.682700,0.686000,0.659600,0.674000,11585889.36
2025-09-30,0.673900,0.677800,0.650400,0.671000,12583991.56
2025-10-01,0.671100,0.705900,0.662600,0.705000,18053503.45
2025-10-02,0.705000,0.754700,0.701400,0.750600,25113992.10
2025-10-03,0.750800,0.760100,0.723600,0.744500,22943198.26
2025-10-04,0.744600,0.748600,0.713100,0.724700,11554551.78
2025-10-05,0.724700,0.757600,0.712400,0.718600,17811869.25
2025-10-06,0.718600,0.766400,0.713800,0.758000,24864594.94
2025-10-07,0.758100,0.762800,0.702700,0.711800,29411110.51
2025-10-08,0.711700,0.744800,0.700900,0.731000,15440061.76
2025-10-09,0.730900,0.732900,0.683500,0.706800,18323133.13
2025-10-10,0.706900,0.749000,0.162500,0.497600,130813452.21
2025-10-11,0.497500,0.511100,0.438300,0.456100,109285653.99
2025-10-12,0.456300,0.499800,0.444800,0.487300,61693064.54
2025-10-13,0.487200,0.511800,0.469900,0.502100,82566916.31
2025-10-14,0.502200,0.506200,0.449200,0.485200,83099503.37
2025-10-15,0.485200,0.493800,0.448900,0.456100,29074369.57
2025-10-16,0.456000,0.465000,0.420700,0.427600,43593978.67
2025-10-17,0.427600,0.434600,0.394400,0.419300,49856587.03
2025-10-18,0.419400,0.430700,0.418000,0.427700,11819819.50
2025-10-19,0.427700,0.445200,0.420700,0.438500,24358142.35
2025-10-20,0.438500,0.457800,0.430400,0.447200,22113669.64
2025-10-21,0.446900,0.467100,0.425900,0.433400,36058444.58
2025-10-22,0.433300,0.438400,0.404600,0.419400,33171049.76
2025-10-23,0.419500,0.440100,0.418200,0.433600,16954397.74
2025-10-24,0.433700,0.453100,0.430900,0.448200,15444420.94
2025-10-25,0.448100,0.451000,0.438500,0.446700,8977800.72
2025-10-26,0.446700,0.471600,0.439500,0.464700,16238684.68
2025-10-27,0.464800,0.476100,0.448200,0.451800,20028852.86
2025-10-28,0.451800,0.462300,0.426700,0.435500,21178202.58
2025-10-29,0.435400,0.456000,0.425500,0.440400,33955752.91
2025-10-30,0.440400,0.447700,0.386500,0.400300,38074518.41
2025-10-31,0.400400,0.408500,0.387500,0.399100,28390046.24
2025-11-01,0.399200,0.418400,0.396000,0.417000,18153404.30
2025-11-02,0.417000,0.430700,0.405600,0.420300,20474277.94
2025-11-03,0.420300,0.421800,0.342900,0.352700,62424312.63
2025-11-04,0.352700,0.368600,0.317700,0.345400,82608928.05
2025-11-05,0.345300,0.377400,0.328200,0.372800,40922746.74
2025-11-06,0.372800,0.372800,0.349300,0.364800,28902217.29
2025-11-07,0.364800,0.438300,0.364400,0.423500,63005145.32
2025-11-08,0.423400,0.436900,0.410300,0.423200,40266243.95
2025-11-09,0.423200,0.434900,0.402600,0.428600,26501990.97
2025-11-10,0.428700,0.453700,0.424600,0.444700,35240596.27
2025-11-11,0.444700,0.453900,0.405000,0.406400,35309908.30
2025-11-12,0.406500,0.433600,0.392100,0.399700,27618634.96
2025-11-13,0.399500,0.429800,0.374200,0.390400,40609205.95
2025-11-14,0.390300,0.395000,0.366100,0.378800,42799648.91
2025-11-15,0.378800,0.402800,0.378200,0.389500,17331324.52
2025-11-16,0.389500,0.400200,0.365900,0.382800,21774734.65
2025-11-17,0.382800,0.394800,0.356100,0.365300,33130779.91
2025-11-18,0.365400,0.390200,0.359700,0.380700,30778304.84
2025-11-19,0.380700,0.385100,0.355400,0.375300,24712726.47
2025-11-20,0.375200,0.397700,0.352300,0.360800,41278941.48
2025-11-21,0.360800,0.368500,0.292400,0.308100,82699757.10
2025-11-22,0.308200,0.309300,0.287600,0.302600,36621043.20
2025-11-23,0.302700,0.309400,0.300200,0.301200,16305098.71
2025-11-24,0.301200,0.325000,0.298400,0.318600,29158310.88
2025-11-25,0.318600,0.327600,0.309900,0.324800,20930274.74
2025-11-26,0.324900,0.328700,0.310300,0.325200,20394227.85
2025-11-27,0.325200,0.343300,0.323100,0.333800,21165143.14
2025-11-28,0.333800,0.340600,0.325900,0.331000,21116589.43
2025-11-29,0.331100,0.335600,0.322100,0.326800,10308609.29
2025-11-30,0.326700,0.330400,0.318100,0.318700,13745562.76
2025-12-01,0.318700,0.319500,0.277600,0.287300,40408932.11
2025-12-02,0.287400,0.322600,0.284100,0.316800,20993568.05
2025-12-03,0.316800,0.332900,0.312200,0.327300,24070557.52
2025-12-04,0.327300,0.330600,0.315600,0.318900,16883730.27
2025-12-05,0.318900,0.326200,0.292900,0.300800,21446238.86
2025-12-06,0.300800,0.318400,0.299300,0.314500,12137888.31
2025-12-07,0.314600,0.321600,0.297500,0.304800,25858144.42
2025-12-08,0.304900,0.328700,0.303300,0.318200,18492694.03
2025-12-09,0.318300,0.348400,0.312700,0.338800,23666223.77
2025-12-10,0.338800,0.345000,0.322200,0.323300,24090935.39
2025-12-11,0.323300,0.324000,0.300200,0.314200,25091025.56
2025-12-12,0.314200,0.322200,0.292800,0.307600,27865750.65
2025-12-13,0.307700,0.317800,0.306300,0.315200,11161521.05
2025-12-14,0.315200,0.315900,0.296400,0.300700,17629281.47
2025-12-15,0.300800,0.317000,0.281200,0.293000,34356283.16
2025-12-16,0.293000,0.298000,0.283000,0.293200,18839691.23
2025-12-17,0.293300,0.306400,0.269700,0.273400,38602790.73
2025-12-18,0.273500,0.287100,0.255200,0.259900,36878950.73
2025-12-19,0.259900,0.284200,0.256100,0.279700,31965708.02
2025-12-20,0.279800,0.284700,0.275500,0.278400,12202102.08
2025-12-21,0.278300,0.279000,0.263400,0.272200,12180165.16
2025-12-22,0.272300,0.279800,0.268200,0.271700,18762720.96
2025-12-23,0.271700,0.274800,0.261100,0.270500,14405291.70
2025-12-24,0.270500,0.272200,0.259700,0.263500,22005501.53
2025-12-25,0.263600,0.267100,0.250900,0.252100,21714833.01
2025-12-26,0.252100,0.273400,0.251200,0.267900,25809894.50
2025-12-27,0.267900,0.280500,0.267700,0.278400,12927682.78
2025-12-28,0.278500,0.279700,0.269600,0.273900,9307710.42
2025-12-29,0.274000,0.283800,0.268200,0.269200,22420049.29
2025-12-30,0.269100,0.276300,0.266000,0.271800,15670424.16
2025-12-31,0.271700,0.273100,0.260000,0.267800,16054078.75
2026-01-01,0.267900,0.297800,0.264300,0.296800,18675760.37
2026-01-02,0.296800,0.306800,0.294100,0.306200,24678101.33
2026-01-03,0.306200,0.312200,0.300600,0.310500,11520165.15
2026-01-04,0.310500,0.325200,0.309600,0.319500,16549958.98
2026-01-05,0.319400,0.334100,0.312200,0.329500,20314607.88
2026-01-06,0.329400,0.340700,0.313800,0.331500,22481832.88
2026-01-07,0.331400,0.332500,0.312500,0.317000,15641173.91
2026-01-08,0.317100,0.321500,0.303900,0.314300,28563650.09
2026-01-09,0.314400,0.324300,0.308600,0.315100,18171263.69
2026-01-10,0.315200,0.328200,0.311300,0.317900,11176532.32
2026-01-11,0.318000,0.323900,0.310300,0.315800,14136285.45
2026-01-12,0.315800,0.333000,0.306000,0.308800,25055486.75
2026-01-13,0.308800,0.376400,0.308500,0.366900,61383746.77
2026-01-14,0.367000,0.370600,0.349800,0.351500,27987638.75
2026-01-15,0.351500,0.365000,0.336000,0.341100,29087724.60
2026-01-16,0.341100,0.344400,0.325200,0.340000,20064018.74
2026-01-17,0.340100,0.355500,0.338700,0.346700,15494785.87
2026-01-18,0.346700,0.350400,0.323000,0.323600,16121809.54
2026-01-19,0.323500,0.324200,0.293100,0.319600,29427000.17
2026-01-20,0.319600,0.323600,0.296800,0.300000,24250692.90
2026-01-21,0.299900,0.317600,0.294700,0.308800,28703696.96
2026-01-22,0.308900,0.326900,0.302900,0.307500,22194078.48
2026-01-23,0.307400,0.319300,0.299500,0.304400,19523882.74
2026-01-24,0.304500,0.307200,0.299600,0.303900,7006641.40
2026-01-25,0.303800,0.306500,0.278600,0.286600,20750946.03
2026-01-26,0.286500,0.301800,0.285800,0.297900,14456144.37
2026-01-27,0.297900,0.304300,0.291900,0.301900,12728098.41
2026-01-28,0.302000,0.304700,0.293800,0.301400,20329874.10
2026-01-29,0.301500,0.302400,0.260600,0.269700,35054102.35
2026-01-30,0.269800,0.273300,0.257900,0.262800,26790392.96
2026-01-31,0.262900,0.264000,0.209900,0.234500,52048071.33
2026-02-01,0.234400,0.240800,0.221800,0.227600,21358361.46
2026-02-02,0.227700,0.237200,0.220100,0.230000,24857005.75
2026-02-03,0.230100,0.231700,0.206700,0.213000,35917107.14
2026-02-04,0.213000,0.230200,0.212000,0.219100,33738114.29
2026-02-05,0.219100,0.222400,0.180100,0.182000,72173070.75
2026-02-06,0.182000,0.200800,0.157900,0.197400,80695613.05
2026-02-07,0.197400,0.202900,0.187000,0.196400,40828860.43
2026-02-08,0.196400,0.196500,0.186600,0.190400,16862656.90
2026-02-09,0.190300,0.193600,0.181500,0.189000,18081046.92
2026-02-10,0.189100,0.189900,0.180300,0.182900,15549022.01
2026-02-11,0.183000,0.186700,0.173100,0.177800,30880520.77
2026-02-12,0.177900,0.186100,0.175600,0.182800,18505615.79
2026-02-13,0.182700,0.191900,0.178500,0.189300,13252071.93
2026-02-14,0.189300,0.200900,0.189300,0.197200,11788517.87
2026-02-15,0.197100,0.198400,0.184900,0.189300,17683382.37
2026-02-16,0.189500,0.192300,0.184300,0.190300,12251342.30
2026-02-17,0.190400,0.190600,0.183900,0.186900,25025118.41
2026-02-18,0.187000,0.189600,0.164900,0.165500,45297917.61
2026-02-19,0.165500,0.166500,0.134200,0.139700,201904784.69
2026-02-20,0.139600,0.140200,0.124600,0.128600,213461242.40
2026-02-21,0.128600,0.135700,0.126800,0.128600,120263543.38
2026-02-22,0.128500,0.128500,0.120500,0.122300,70717715.79
2026-02-23,0.122300,0.126400,0.114500,0.122000,104690904.81
2026-02-24,0.122000,0.122600,0.114300,0.117800,58070154.69
2026-02-25,0.117700,0.133800,0.116500,0.124100,127430885.21
2026-02-26,0.124100,0.126800,0.115100,0.119400,60351176.01
2026-02-27,0.119500,0.128500,0.115800,0.119800,54677778.32
2026-02-28,0.119800,0.122700,0.109200,0.122700,57764116.13
2026-03-01,0.122600,0.126900,0.118400,0.121500,51278172.76
2026-03-02,0.121600,0.130000,0.119300,0.124500,49805434.28
2026-03-03,0.124500,0.128900,0.121700,0.126500,39247739.33
2026-03-04,0.126600,0.132300,0.125300,0.128600,63712550.52
2026-03-05,0.128500,0.130600,0.123200,0.125200,40745511.59
2026-03-06,0.125300,0.128000,0.116900,0.120500,30977732.22
2026-03-07,0.120500,0.121200,0.115100,0.116400,16691286.11
2026-03-08,0.116400,0.117600,0.113200,0.115400,22759821.23
2026-03-09,0.115300,0.122700,0.114900,0.118400,26183734.61
2026-03-10,0.118400,0.123500,0.117600,0.118700,27758764.76
2026-03-11,0.118800,0.122700,0.116900,0.120400,22540606.50
2026-03-12,0.120400,0.121000,0.115800,0.119900,23480337.50
2026-03-13,0.120000,0.127600,0.119800,0.123700,38129163.04
2026-03-14,0.123700,0.126500,0.121700,0.123800,20112690.22
2026-03-15,0.123800,0.129200,0.123100,0.128400,28003055.98
2026-03-16,0.128400,0.139500,0.127200,0.137500,43813418.55
2026-03-17,0.137500,0.138800,0.133300,0.136100,26163027.66
2026-03-18,0.136100,0.137100,0.124900,0.126300,29088638.24
2026-03-19,0.126400,0.127400,0.118700,0.121500,22113964.19
2026-03-20,0.121500,0.126400,0.121400,0.123800,20318843.68
2026-03-21,0.123800,0.124200,0.116900,0.117800,13748404.41
2026-03-22,0.117700,0.120100,0.112800,0.114600,20259520.31
2026-03-23,0.114700,0.119800,0.112000,0.113400,47066286.28
2026-03-24,0.113500,0.117200,0.109400,0.113700,44273666.91
2026-03-25,0.113800,0.115700,0.112400,0.113400,25699040.41
2026-03-26,0.113500,0.114000,0.105700,0.108700,42865400.54
2026-03-27,0.108600,0.110500,0.102400,0.104100,31820374.76
2026-03-28,0.104200,0.106200,0.102000,0.102500,17878810.40
2026-03-29,0.102400,0.104500,0.098700,0.102000,23264090.24
2026-03-30,0.102100,0.110100,0.101900,0.105900,30503883.36
2026-03-31,0.106000,0.112400,0.105700,0.110800,39007947.35
2026-04-01,0.110700,0.113400,0.108600,0.110100,26167714.32
2026-04-02,0.110200,0.111300,0.104600,0.106400,32840032.23
2026-04-03,0.106400,0.111900,0.106000,0.110000,24728879.14
2026-04-04,0.110100,0.111500,0.108400,0.110600,14671841.24
2026-04-05,0.110700,0.110900,0.105700,0.110300,15604316.81
2026-04-06,0.110400,0.115100,0.109000,0.109800,22927236.21
2026-04-07,0.109800,0.119800,0.107400,0.118700,31460191.80
2026-04-08,0.118800,0.120900,0.114200,0.115000,36836707.12
2026-04-09,0.114900,0.116800,0.111000,0.114100,23410165.97
2026-04-10,0.114200,0.116300,0.113300,0.115200,22364701.33
2026-04-11,0.115200,0.116400,0.110200,0.114500,31677286.85
2026-04-12,0.114600,0.114700,0.106600,0.106900,23776456.44
2026-04-13,0.107000,0.116600,0.105400,0.116300,28816798.81
2026-04-14,0.116300,0.117000,0.110200,0.111300,32141188.07
2026-04-15,0.111200,0.122400,0.111100,0.119900,27497667.99
2026-04-16,0.119900,0.133000,0.118500,0.132400,52535964.00
2026-04-17,0.132300,0.137300,0.128400,0.134400,44916919.33
2026-04-18,0.134400,0.135500,0.125800,0.125900,24166149.73
2026-04-19,0.126000,0.126900,0.119800,0.120400,22173922.43
2026-04-20,0.120500,0.126000,0.120300,0.124000,18386876.20
2026-04-21,0.124100,0.126100,0.120000,0.123200,24076150.47
2026-04-22,0.123200,0.128800,0.120900,0.121000,22218026.41
2026-04-23,0.121100,0.122800,0.117600,0.121600,21604408.17
2026-04-24,0.121600,0.127000,0.119900,0.125200,21223815.06
2026-04-25,0.125100,0.133500,0.123600,0.125000,52199606.00
2026-04-26,0.125000,0.127600,0.123000,0.125800,16516495.18
2026-04-27,0.125800,0.129100,0.119000,0.122500,22216794.25
2026-04-28,0.122400,0.123300,0.120100,0.121100,13704288.57
2026-04-29,0.121200,0.126000,0.115500,0.119700,22128338.26
2026-04-30,0.119800,0.122700,0.118800,0.120400,18022935.88
2026-05-01,0.120300,0.123200,0.119800,0.120900,12385059.48
2026-05-02,0.121000,0.127800,0.119300,0.125500,15980203.20
2026-05-03,0.125600,0.125700,0.121100,0.122900,15141160.69
2026-05-04,0.122900,0.127700,0.120500,0.124100,41137097.02
2026-05-05,0.124200,0.131000,0.123600,0.128500,40828139.29
2026-05-06,0.128500,0.148900,0.127900,0.142400,66403676.09
2026-05-07,0.142400,0.150800,0.137500,0.148000,104545163.05
2026-05-08,0.148100,0.181900,0.145900,0.171800,156078529.60
2026-05-09,0.171800,0.172500,0.162500,0.163300,54485667.43
2026-05-10,0.163300,0.166200,0.157200,0.163300,32317555.54
2026-05-11,0.163300,0.163600,0.156000,0.157000,25927112.29
2026-05-12,0.157000,0.158000,0.148900,0.152100,22533602.67
2026-05-13,0.152200,0.157900,0.144400,0.146100,27854670.16
2026-05-14,0.146100,0.148300,0.143200,0.144900,29618298.00
2026-05-15,0.144900,0.146100,0.134500,0.136700,25366959.95
2026-05-16,0.136700,0.138200,0.130800,0.133100,15662108.75
2026-05-17,0.133000,0.134400,0.123000,0.128300,21484643.84
2026-05-18,0.128200,0.129900,0.123800,0.129500,20444856.46
2026-05-19,0.129600,0.130200,0.125600,0.126000,14909142.34
2026-05-20,0.126100,0.130500,0.124300,0.129100,18533848.22
2026-05-21,0.129000,0.133700,0.127700,0.132400,25266004.26
2026-05-22,0.132400,0.136800,0.125800,0.126800,28729447.79
2026-05-23,0.126900,0.134000,0.121100,0.130400,32848720.98
2026-05-24,0.130400,0.130500,0.122900,0.125600,20861905.99
2026-05-25,0.125600,0.132300,0.124700,0.129700,19063518.89
2026-05-26,0.129700,0.134500,0.127300,0.127900,28800748.49
2026-05-27,0.127900,0.130500,0.122600,0.123700,27611135.28
2026-05-28,0.123700,0.124100,0.113800,0.118600,53892732.95
2026-05-29,0.118500,0.122100,0.113700,0.118600,30272345.11
2026-05-30,0.118700,0.123400,0.118500,0.120600,14248022.26
2026-05-31,0.120600,0.121800,0.114700,0.118600,15297016.56
2026-06-01,0.118700,0.125000,0.114200,0.124400,34316997.71
2026-06-02,0.124400,0.126600,0.113100,0.115600,56921148.26
2026-06-03,0.115700,0.133300,0.114600,0.122800,57323401.05
2026-06-04,0.122700,0.124400,0.104300,0.112100,101175361.46
2026-06-05,0.112000,0.112800,0.091500,0.097900,78745740.58
2026-06-06,0.097900,0.100000,0.089800,0.093800,36443562.54
2026-06-07,0.093800,0.101100,0.091800,0.097500,45183087.78
2026-06-08,0.097500,0.100300,0.094600,0.096000,34571081.33
2026-06-09,0.096000,0.097500,0.091400,0.096700,30889635.99
2026-06-10,0.096700,0.097800,0.088700,0.091000,35088198.56
2026-06-11,0.090900,0.097200,0.090900,0.095500,25744559.37
2026-06-12,0.095500,0.101900,0.094900,0.099800,27492198.02
2026-06-13,0.099800,0.112700,0.099400,0.107000,55686868.85
2026-06-14,0.107000,0.109700,0.104400,0.108500,29103168.26
2026-06-15,0.108600,0.112200,0.107400,0.108600,30570874.96
2026-06-16,0.108600,0.110700,0.105100,0.109000,20483238.89
2026-06-17,0.109000,0.112300,0.105300,0.108800,23260877.95
2026-06-18,0.108800,0.111000,0.103300,0.109300,28514930.53
2026-06-19,0.109300,0.110700,0.100100,0.104000,23484097.80
2026-06-20,0.104000,0.106000,0.099300,0.103700,22805865.75
2026-06-21,0.103700,0.104500,0.099400,0.099800,8512099.51
2026-06-22,0.099800,0.104800,0.099600,0.100700,17365931.45
2026-06-23,0.100700,0.101700,0.095300,0.101400,17837701.19
2026-06-24,0.101300,0.106700,0.094700,0.104500,49256528.93
2026-06-25,0.104600,0.109500,0.097700,0.105600,54794139.05
2026-06-26,0.105600,0.108500,0.101100,0.105700,47674403.85
2026-06-27,0.105800,0.106100,0.099600,0.100800,15962505.90
2026-06-28,0.100900,0.102300,0.098700,0.100000,13849782.81
2026-06-29,0.100000,0.104400,0.098800,0.101600,19625423.60
