1483401600000,0.000000
1483488000000,0.000000
1483574400000,0.000000
1483660800000,0.000000
1483920000000,0.000000
1484006400000,0.000000
1484092800000,0.000000
1484179200000,0.000000
1484265600000,0.000000
1484611200000,0.000000
1484697600000,0.000000
1484784000000,0.000000
1484870400000,0.002056
1485129600000,0.001727
1485216000000,-0.008323
1485302400000,-0.022826
1485388800000,-0.024027
1485475200000,-0.026912
1485734400000,-0.015043
1485820800000,-0.010916
1485907200000,-0.023552
1485993600000,-0.023552
1486080000000,-0.025878
1486339200000,-0.027318
1486425600000,-0.032123
1486512000000,-0.034826
1486598400000,-0.038950
1486684800000,-0.042768
1486944000000,-0.051127
1487030400000,-0.054863
1487116800000,-0.063568
1487203200000,-0.062648
1487289600000,-0.069246
1487635200000,-0.076405
1487721600000,-0.076402
1487808000000,-0.070239
1487894400000,-0.073013
1488153600000,-0.073836
1488240000000,-0.068407
1488326400000,-0.085657
1488412800000,-0.077175
1488499200000,-0.079739
1488758400000,-0.075495
1488844800000,-0.072459
1488931200000,-0.072459
1489017600000,-0.072459
1489104000000,-0.072459
1489363200000,-0.072459
1489449600000,-0.072459
1489536000000,-0.072459
1489622400000,-0.072459
1489708800000,-0.072459
1489968000000,-0.072459
1490054400000,-0.072459
1490140800000,-0.072459
1490227200000,-0.072459
1490313600000,-0.072459
1490572800000,-0.072459
1490659200000,-0.072459
1490745600000,-0.072459
1490832000000,-0.072459
1490918400000,-0.072459
1491177600000,-0.072459
1491264000000,-0.072459
1491350400000,-0.072459
1491436800000,-0.072459
1491523200000,-0.072459
1491782400000,-0.072459
1491868800000,-0.068162
1491955200000,-0.067601
1492041600000,-0.067601
1492387200000,-0.067601
1492473600000,-0.067601
1492560000000,-0.067601
1492646400000,-0.067601
1492732800000,-0.067601
1492992000000,-0.067601
1493078400000,-0.067601
1493164800000,-0.067601
1493251200000,-0.071924
1493337600000,-0.074821
1493596800000,-0.086857
1493683200000,-0.090345
1493769600000,-0.084828
1493856000000,-0.084731
1493942400000,-0.089658
1494201600000,-0.092752
1494288000000,-0.097536
1494374400000,-0.098035
1494460800000,-0.095610
1494547200000,-0.098598
1494806400000,-0.102958
1494892800000,-0.107937
1494979200000,-0.068673
1495065600000,-0.066263
1495152000000,-0.066263
1495411200000,-0.066263
1495497600000,-0.066263
1495584000000,-0.066263
1495670400000,-0.066263
1495756800000,-0.066263
1496102400000,-0.066263
1496188800000,-0.066263
1496275200000,-0.066263
1496361600000,-0.066263
1496620800000,-0.066263
1496707200000,-0.066263
1496793600000,-0.066263
1496880000000,-0.063858
1496966400000,-0.026967
1497225600000,-0.010972
1497312000000,-0.010972
1497398400000,-0.010972
1497484800000,-0.010972
1497571200000,-0.010972
1497830400000,-0.010972
1497916800000,-0.010972
1498003200000,-0.010972
1498089600000,-0.010972
1498176000000,-0.010972
1498435200000,-0.010972
1498521600000,-0.010972
1498608000000,-0.010972
1498694400000,-0.010972
1498780800000,-0.010972
1499040000000,-0.010972
1499212800000,-0.010972
1499299200000,-0.010972
1499385600000,-0.010972
1499644800000,-0.010972
1499731200000,-0.010972
1499817600000,-0.010972
1499904000000,-0.010972
1499990400000,-0.010972
1500249600000,-0.010972
1500336000000,-0.010972
1500422400000,-0.010972
1500508800000,-0.010972
1500595200000,-0.015018
1500854400000,-0.019646
1500940800000,-0.016513
1501027200000,-0.021202
1501113600000,-0.012231
1501200000000,-0.009760
1501459200000,-0.002088
1501545600000,-0.005446
1501632000000,-0.009876
1501718400000,-0.003616
1501804800000,-0.006261
1502064000000,-0.006261
1502150400000,-0.006261
1502236800000,-0.006261
1502323200000,-0.006261
1502409600000,-0.006261
1502668800000,-0.006261
1502755200000,-0.006261
1502841600000,-0.006261
1502928000000,-0.006261
1503014400000,-0.006261
1503273600000,-0.006261
1503360000000,-0.006261
1503446400000,-0.006261
1503532800000,-0.006261
1503619200000,-0.006261
1503878400000,-0.006261
1503964800000,-0.006261
1504051200000,-0.006261
1504137600000,-0.006261
1504224000000,-0.006261
1504569600000,-0.006261
1504656000000,-0.006261
1504742400000,-0.006261
1504828800000,0.004773
1505088000000,-0.008050
1505174400000,-0.008050
1505260800000,-0.008050
1505347200000,-0.008050
1505433600000,-0.008050
1505692800000,-0.008050
1505779200000,-0.008050
1505865600000,-0.008050
1505952000000,-0.008050
1506038400000,-0.008050
1506297600000,-0.008050
1506384000000,-0.008050
1506470400000,-0.008050
1506556800000,-0.008050
1506643200000,-0.008050
1506902400000,-0.008050
1506988800000,-0.008050
1507075200000,-0.008050
1507161600000,-0.008050
1507248000000,-0.008050
1507507200000,-0.008050
1507593600000,-0.008050
1507680000000,-0.008050
1507766400000,-0.007501
1507852800000,-0.012638
1508112000000,-0.017682
1508198400000,-0.019267
1508284800000,-0.016815
1508371200000,-0.011037
1508457600000,-0.014627
1508716800000,-0.004091
1508803200000,-0.007097
1508889600000,-0.007097
1508976000000,-0.007097
1509062400000,-0.007097
1509321600000,-0.007097
1509408000000,-0.007097
1509494400000,-0.000974
1509580800000,0.002368
1509667200000,-0.005246
1509926400000,-0.010362
1510012800000,-0.011660
1510099200000,-0.017216
1510185600000,-0.008795
1510272000000,-0.007636
1510531200000,-0.008920
1510617600000,-0.003135
1510704000000,0.005686
1510790400000,-0.013160
1510876800000,-0.014722
1511136000000,-0.014722
1511222400000,-0.014722
1511308800000,-0.014722
1511481600000,-0.014722
1511740800000,-0.014722
1511827200000,-0.014722
1511913600000,-0.014722
1512000000000,-0.014722
1512086400000,-0.014722
1512345600000,-0.014722
1512432000000,-0.014722
1512518400000,-0.014722
1512604800000,-0.014722
1512691200000,-0.014722
1512950400000,-0.014722
1513036800000,-0.014722
1513123200000,-0.014722
1513209600000,-0.014722
1513296000000,-0.014722
1513555200000,-0.014722
1513641600000,-0.014722
1513728000000,-0.014722
1513814400000,-0.014722
1513900800000,-0.014722
1514246400000,-0.016085
1514332800000,-0.016138
1514419200000,-0.017191
1514505600000,-0.017327
1514851200000,-0.017327
1514937600000,-0.017327
1515024000000,-0.014787
1515110400000,-0.030002
1515369600000,-0.034899
1515456000000,-0.034786
1515542400000,-0.026797
1515628800000,-0.034167
1515715200000,-0.045002
1516060800000,-0.039783
1516147200000,-0.055806
1516233600000,-0.055642
1516320000000,-0.060388
1516579200000,-0.076144
1516665600000,-0.088581
1516752000000,-0.078259
1516838400000,-0.077162
1516924800000,-0.100720
1517184000000,-0.092523
1517270400000,-0.079172
1517356800000,-0.083089
1517443200000,-0.071782
1517529600000,-0.064380
1517788800000,-0.064380
1517875200000,-0.064380
1517961600000,-0.064380
1518048000000,-0.064380
1518134400000,-0.064380
1518393600000,-0.064380
1518480000000,-0.064380
1518566400000,-0.064380
1518652800000,-0.064380
1518739200000,-0.064380
1519084800000,-0.064380
1519171200000,-0.064380
1519257600000,-0.064380
1519344000000,-0.064380
1519603200000,-0.064380
1519689600000,-0.064380
1519776000000,-0.064380
1519862400000,-0.064380
1519948800000,-0.088531
1520208000000,-0.099611
1520294400000,-0.106199
1520380800000,-0.106199
1520467200000,-0.106199
1520553600000,-0.106199
1520812800000,-0.106199
1520899200000,-0.079902
1520985600000,-0.086946
1521072000000,-0.086946
1521158400000,-0.086946
1521417600000,-0.086946
1521504000000,-0.086946
1521590400000,-0.086946
1521676800000,-0.086946
1521763200000,-0.086946
1522022400000,-0.062241
1522108800000,-0.055073
1522195200000,-0.055073
1522281600000,-0.055073
1522627200000,-0.055073
1522713600000,-0.053168
1522800000000,-0.077545
1522886400000,-0.077545
1522972800000,-0.077545
1523232000000,-0.077545
1523318400000,-0.077545
1523404800000,-0.077545
1523491200000,-0.077545
1523577600000,-0.077545
1523836800000,-0.077545
1523923200000,-0.077545
1524009600000,-0.077545
1524096000000,-0.077545
1524182400000,-0.077545
1524441600000,-0.077545
1524528000000,-0.077545
1524614400000,-0.077545
1524700800000,-0.077545
1524787200000,-0.077545
1525046400000,-0.077545
1525132800000,-0.077545
1525219200000,-0.077545
1525305600000,-0.077545
1525392000000,-0.077545
1525651200000,-0.077545
1525737600000,-0.077545
1525824000000,-0.077545
1525910400000,-0.077545
1525996800000,-0.077545
1526256000000,-0.077545
1526342400000,-0.073033
1526428800000,-0.081617
1526515200000,-0.075053
1526601600000,-0.070119
1526860800000,-0.066913
1526947200000,-0.073725
1527033600000,-0.097025
1527120000000,-0.095753
1527206400000,-0.096630
1527552000000,-0.096630
1527638400000,-0.096630
1527724800000,-0.096630
1527811200000,-0.096630
1528070400000,-0.096630
1528156800000,-0.096630
1528243200000,-0.102864
1528329600000,-0.090493
1528416000000,-0.090038
1528675200000,-0.092940
1528761600000,-0.101032
1528848000000,-0.099802
1528934400000,-0.114919
1529020800000,-0.109530
1529280000000,-0.108210
1529366400000,-0.102917
1529452800000,-0.113507
1529539200000,-0.099891
1529625600000,-0.105024
1529884800000,-0.105024
1529971200000,-0.105024
1530057600000,-0.105024
1530144000000,-0.105024
1530230400000,-0.105024
1530489600000,-0.105024
1530576000000,-0.105024
1530748800000,-0.105024
1530835200000,-0.105024
1531094400000,-0.105024
1531180800000,-0.105024
1531267200000,-0.105024
1531353600000,-0.105024
1531440000000,-0.105024
1531699200000,-0.105024
1531785600000,-0.128149
1531872000000,-0.124907
1531958400000,-0.116726
1532044800000,-0.115877
1532304000000,-0.119899
1532390400000,-0.126580
1532476800000,-0.147222
1532563200000,-0.124626
1532649600000,-0.133856
1532908800000,-0.133856
1532995200000,-0.133856
1533081600000,-0.133856
1533168000000,-0.133856
1533254400000,-0.133856
1533513600000,-0.133856
1533600000000,-0.133856
1533686400000,-0.133856
1533772800000,-0.133856
1533859200000,-0.133856
1534118400000,-0.133856
1534204800000,-0.133856
1534291200000,-0.133856
1534377600000,-0.133856
1534464000000,-0.133856
1534723200000,-0.133856
1534809600000,-0.133856
1534896000000,-0.133856
1534982400000,-0.133856
1535068800000,-0.133856
1535328000000,-0.133856
1535414400000,-0.133856
1535500800000,-0.133856
1535587200000,-0.133856
1535673600000,-0.137808
1536019200000,-0.131064
1536105600000,-0.127354
1536192000000,-0.127354
1536278400000,-0.127354
1536537600000,-0.127354
1536624000000,-0.127354
1536710400000,-0.127354
1536796800000,-0.127354
1536883200000,-0.127354
1537142400000,-0.127354
1537228800000,-0.127354
1537315200000,-0.127354
1537401600000,-0.127354
1537488000000,-0.127354
1537747200000,-0.127354
1537833600000,-0.127354
1537920000000,-0.127354
1538006400000,-0.127354
1538092800000,-0.127354
1538352000000,-0.127354
1538438400000,-0.127354
1538524800000,-0.127354
1538611200000,-0.127354
1538697600000,-0.127354
1538956800000,-0.127354
1539043200000,-0.127354
1539129600000,-0.127354
1539216000000,-0.137930
1539302400000,-0.097025
1539561600000,-0.104303
1539648000000,-0.076812
1539734400000,-0.071237
1539820800000,-0.071237
1539907200000,-0.071237
1540166400000,-0.071237
1540252800000,-0.071237
1540339200000,-0.071237
1540425600000,-0.051357
1540512000000,-0.085950
1540771200000,-0.085950
1540857600000,-0.085950
1540944000000,-0.085950
1541030400000,-0.085950
1541116800000,-0.085950
1541376000000,-0.085950
1541462400000,-0.085950
1541548800000,-0.085950
1541635200000,-0.085950
1541721600000,-0.085950
1541980800000,-0.085950
1542067200000,-0.085950
1542153600000,-0.085950
1542240000000,-0.085950
1542326400000,-0.085950
1542585600000,-0.085950
1542672000000,-0.085950
1542758400000,-0.085950
1542931200000,-0.085950
1543190400000,-0.085950
1543276800000,-0.085950
1543363200000,-0.085950
1543449600000,-0.085950
1543536000000,-0.085950
1543795200000,-0.085950
1543881600000,-0.085950
1544054400000,-0.085950
1544140800000,-0.085950
1544400000000,-0.085950
1544486400000,-0.085950
1544572800000,-0.085950
1544659200000,-0.085950
1544745600000,-0.085950
1545004800000,-0.085950
1545091200000,-0.085950
1545177600000,-0.085950
1545264000000,-0.097996
1545350400000,-0.132361
1545609600000,-0.158164
1545782400000,-0.095502
1545868800000,-0.112773
1545955200000,-0.112773
1546214400000,-0.112773
1546387200000,-0.112773
1546473600000,-0.112773
1546560000000,-0.112773
1546819200000,-0.112773
1546905600000,-0.112773
1546992000000,-0.112773
1547078400000,-0.112773
1547164800000,-0.112773
1547424000000,-0.112773
1547510400000,-0.112773
1547596800000,-0.111628
1547683200000,-0.117866
1547769600000,-0.126216
1548115200000,-0.108092
1548201600000,-0.113862
1548288000000,-0.113862
1548374400000,-0.118704
1548633600000,-0.104631
1548720000000,-0.104757
1548806400000,-0.104757
1548892800000,-0.104757
1548979200000,-0.104757
1549238400000,-0.104757
1549324800000,-0.104757
1549411200000,-0.104757
1549497600000,-0.104757
1549584000000,-0.104757
1549843200000,-0.104757
1549929600000,-0.104757
1550016000000,-0.104757
1550102400000,-0.104757
1550188800000,-0.104757
1550534400000,-0.111846
1550620800000,-0.110524
1550707200000,-0.104316
1550793600000,-0.109079
1551052800000,-0.103010
1551139200000,-0.100043
1551225600000,-0.100043
1551312000000,-0.100043
1551398400000,-0.099936
1551657600000,-0.099370
1551744000000,-0.100209
1551830400000,-0.090502
1551916800000,-0.086201
1552003200000,-0.086201
1552262400000,-0.086201
1552348800000,-0.086201
1552435200000,-0.086201
1552521600000,-0.086201
1552608000000,-0.086201
1552867200000,-0.086201
1552953600000,-0.086201
1553040000000,-0.086201
1553126400000,-0.113997
1553212800000,-0.079494
1553472000000,-0.074656
1553558400000,-0.074656
1553644800000,-0.074656
1553731200000,-0.074656
1553817600000,-0.074656
1554076800000,-0.074656
1554163200000,-0.074656
1554249600000,-0.074656
1554336000000,-0.074339
1554422400000,-0.079542
1554681600000,-0.079542
1554768000000,-0.079542
1554854400000,-0.079542
1554940800000,-0.079542
1555027200000,-0.080329
1555286400000,-0.080109
1555372800000,-0.084736
1555459200000,-0.089439
1555545600000,-0.090799
1555891200000,-0.095064
1555977600000,-0.113781
1556064000000,-0.108195
1556150400000,-0.114180
1556236800000,-0.115690
1556496000000,-0.117711
1556582400000,-0.105971
1556668800000,-0.099735
1556755200000,-0.100182
1556841600000,-0.100182
1557100800000,-0.125859
1557187200000,-0.110570
1557273600000,-0.110570
1557360000000,-0.110570
1557446400000,-0.110570
1557705600000,-0.110570
1557792000000,-0.103395
1557878400000,-0.083165
1557964800000,-0.083119
1558051200000,-0.083119
1558310400000,-0.083119
1558396800000,-0.083119
1558483200000,-0.083119
1558569600000,-0.083119
1558656000000,-0.093932
1559001600000,-0.098949
1559088000000,-0.111647
1559174400000,-0.111647
1559260800000,-0.111647
1559520000000,-0.111647
1559606400000,-0.111647
1559692800000,-0.111647
1559779200000,-0.111647
1559865600000,-0.111647
1560124800000,-0.111647
1560211200000,-0.111647
1560297600000,-0.111647
1560384000000,-0.111647
1560470400000,-0.111647
1560729600000,-0.111647
1560816000000,-0.111647
1560902400000,-0.111647
1560988800000,-0.111647
1561075200000,-0.113466
1561334400000,-0.111936
1561420800000,-0.085976
1561507200000,-0.092466
1561593600000,-0.097884
1561680000000,-0.101768
1561939200000,-0.101768
1562025600000,-0.101768
1562112000000,-0.109179
1562284800000,-0.105623
1562544000000,-0.094563
1562630400000,-0.087858
1562716800000,-0.087858
1562803200000,-0.087858
1562889600000,-0.087858
1563148800000,-0.087858
1563235200000,-0.087858
1563321600000,-0.080451
1563408000000,-0.082948
1563494400000,-0.069439
1563753600000,-0.075127
1563840000000,-0.075127
1563926400000,-0.075127
1564012800000,-0.075127
1564099200000,-0.075127
1564358400000,-0.075127
1564444800000,-0.075127
1564531200000,-0.075127
1564617600000,-0.075127
1564704000000,-0.075127
1564963200000,-0.075127
1565049600000,-0.069261
1565136000000,-0.087626
1565222400000,-0.087626
1565308800000,-0.087626
1565568000000,-0.087626
1565654400000,-0.087626
1565740800000,-0.087626
1565827200000,-0.087626
1565913600000,-0.087626
1566172800000,-0.087626
1566259200000,-0.087626
1566345600000,-0.087626
1566432000000,-0.087626
1566518400000,-0.087626
1566777600000,-0.087626
1566864000000,-0.087626
1566950400000,-0.087626
1567036800000,-0.087626
1567123200000,-0.087626
1567468800000,-0.087626
1567555200000,-0.087626
1567641600000,-0.087626
1567728000000,-0.087626
1567987200000,-0.087626
1568073600000,-0.087626
1568160000000,-0.087626
1568246400000,-0.087626
1568332800000,-0.087626
1568592000000,-0.091203
1568678400000,-0.091207
1568764800000,-0.093298
1568851200000,-0.095406
1568937600000,-0.095832
1569196800000,-0.095832
1569283200000,-0.095832
1569369600000,-0.095832
1569456000000,-0.095832
1569542400000,-0.095832
1569801600000,-0.095832
1569888000000,-0.095832
1569974400000,-0.095832
1570060800000,-0.079715
1570147200000,-0.073297
1570406400000,-0.073297
1570492800000,-0.073297
1570579200000,-0.073297
1570665600000,-0.073297
1570752000000,-0.073297
1571011200000,-0.073297
1571097600000,-0.073297
1571184000000,-0.073297
1571270400000,-0.073297
1571356800000,-0.073297
1571616000000,-0.073297
1571702400000,-0.073297
1571788800000,-0.073297
1571875200000,-0.073297
1571961600000,-0.073297
1572220800000,-0.073297
1572307200000,-0.063292
1572393600000,-0.069472
1572480000000,-0.069194
1572566400000,-0.076741
1572825600000,-0.075232
1572912000000,-0.078402
1572998400000,-0.076883
1573084800000,-0.084987
1573171200000,-0.093671
1573430400000,-0.090705
1573516800000,-0.094292
1573603200000,-0.093154
1573689600000,-0.092381
1573776000000,-0.102513
1574035200000,-0.104470
1574121600000,-0.105934
1574208000000,-0.095474
1574294400000,-0.091750
1574380800000,-0.096192
1574640000000,-0.096192
1574726400000,-0.098250
1574812800000,-0.108400
1574985600000,-0.100640
1575244800000,-0.102237
1575331200000,-0.102237
1575417600000,-0.102237
1575504000000,-0.102237
1575590400000,-0.102237
1575849600000,-0.102237
1575936000000,-0.102237
1576022400000,-0.102237
1576108800000,-0.102237
1576195200000,-0.102237
1576454400000,-0.102237
1576540800000,-0.102237
1576627200000,-0.102237
1576713600000,-0.102237
1576800000000,-0.102237
1577059200000,-0.101022
1577145600000,-0.101214
1577318400000,-0.114385
1577404800000,-0.112711
1577664000000,-0.101743
1577750400000,-0.105355
1577923200000,-0.128927
1578009600000,-0.115017
1578268800000,-0.124020
1578355200000,-0.123252
1578441600000,-0.134203
1578528000000,-0.147108
1578614400000,-0.142735
1578873600000,-0.160250
1578960000000,-0.153422
1579046400000,-0.153399
1579132800000,-0.168385
1579219200000,-0.176372
1579564800000,-0.174738
1579651200000,-0.178110
1579737600000,-0.182594
1579824000000,-0.169169
1580083200000,-0.136133
1580169600000,-0.147144
1580256000000,-0.147144
1580342400000,-0.147144
1580428800000,-0.147144
1580688000000,-0.147144
1580774400000,-0.147144
1580860800000,-0.147144
1580947200000,-0.147144
1581033600000,-0.147144
1581292800000,-0.147144
1581379200000,-0.147144
1581465600000,-0.147144
1581552000000,-0.147144
1581638400000,-0.147144
1581984000000,-0.156946
1582070400000,-0.170478
1582156800000,-0.155815
1582243200000,-0.127005
1582502400000,-0.069044
1582588800000,-0.083283
1582675200000,-0.083283
1582761600000,-0.083283
1582848000000,-0.037929
1583107200000,0.019311
1583193600000,0.020360
1583280000000,0.020360
1583366400000,0.020360
1583452800000,0.020360
1583712000000,0.020360
1583798400000,0.034323
1583884800000,0.015519
1583971200000,0.015519
1584057600000,0.038013
1584316800000,0.002011
1584403200000,0.002011
1584489600000,0.002011
1584576000000,0.002011
1584662400000,0.002011
1584921600000,0.002011
1585008000000,0.002011
1585094400000,0.002011
1585180800000,0.002011
1585267200000,0.002011
1585526400000,0.002011
1585612800000,0.002011
1585699200000,0.002011
1585785600000,0.002011
1585872000000,0.002011
1586131200000,0.002011
1586217600000,0.002011
1586304000000,0.002011
1586390400000,0.002011
1586736000000,0.002011
1586822400000,-0.008249
1586908800000,-0.001123
1586995200000,-0.001123
1587081600000,-0.001123
1587340800000,-0.000043
1587427200000,0.005609
1587513600000,0.005609
1587600000000,0.009524
1587686400000,-0.001173
1587945600000,-0.004822
1588032000000,-0.010702
1588118400000,-0.010702
1588204800000,-0.010702
1588291200000,-0.010702
1588550400000,-0.010702
1588636800000,-0.010702
1588723200000,-0.010702
1588809600000,-0.010702
1588896000000,-0.010702
1589155200000,-0.010702
1589241600000,0.012352
1589328000000,0.010811
1589414400000,0.010811
1589500800000,0.010811
1589760000000,0.010811
1589846400000,0.010811
1589932800000,0.010811
1590019200000,0.010811
1590105600000,0.003935
1590451200000,-0.017869
1590537600000,-0.017869
1590624000000,-0.017869
1590710400000,-0.017869
1590969600000,-0.017869
1591056000000,-0.017869
1591142400000,-0.020187
1591228800000,-0.008161
1591315200000,-0.037895
1591574400000,-0.049424
1591660800000,-0.059176
1591747200000,-0.078439
1591833600000,0.000269
1591920000000,-0.030732
1592179200000,-0.030732
1592265600000,-0.030732
1592352000000,-0.030732
1592438400000,-0.030732
1592524800000,-0.030732
1592784000000,-0.030732
1592870400000,-0.030732
1592956800000,-0.030732
1593043200000,-0.030732
1593129600000,-0.030732
1593388800000,-0.030732
1593475200000,-0.030732
1593561600000,-0.030732
1593648000000,-0.025612
1593993600000,-0.055458
1594080000000,-0.045917
1594166400000,-0.054410
1594252800000,-0.054410
1594339200000,-0.063637
1594598400000,-0.037768
1594684800000,-0.027309
1594771200000,-0.027309
1594857600000,-0.027309
1594944000000,-0.027309
1595203200000,-0.066537
1595289600000,-0.049400
1595376000000,-0.052398
1595462400000,-0.052398
1595548800000,-0.052398
1595808000000,-0.052398
1595894400000,-0.052398
1595980800000,-0.052398
1596067200000,-0.052398
1596153600000,-0.052398
1596412800000,-0.052398
1596499200000,-0.052398
1596585600000,-0.052398
1596672000000,-0.052398
1596758400000,-0.052398
1597017600000,-0.052398
1597104000000,-0.052398
1597190400000,-0.052398
1597276800000,-0.052398
1597363200000,-0.052398
1597622400000,-0.052398
1597708800000,-0.060237
1597795200000,-0.049193
1597881600000,-0.044181
1597968000000,-0.044181
1598227200000,-0.044181
1598313600000,-0.044181
1598400000000,-0.044181
1598486400000,-0.035214
1598572800000,-0.043515
1598832000000,-0.057463
1598918400000,-0.079826
1599004800000,-0.095378
1599091200000,-0.013807
1599177600000,-0.003653
1599523200000,-0.003653
1599609600000,-0.003653
1599696000000,-0.003653
1599782400000,-0.003653
1600041600000,-0.003653
1600128000000,-0.003653
1600214400000,-0.003653
1600300800000,-0.003653
1600387200000,-0.003653
1600646400000,-0.003653
1600732800000,-0.003653
1600819200000,-0.003653
1600905600000,0.009025
1600992000000,0.009416
1601251200000,0.009416
1601337600000,0.009416
1601424000000,0.009416
1601510400000,0.009416
1601596800000,0.009416
1601856000000,0.009416
1601942400000,0.009416
1602028800000,0.009416
1602115200000,0.009416
1602201600000,0.009416
1602460800000,0.009416
1602547200000,0.009416
1602633600000,0.020545
1602720000000,0.028919
1602806400000,0.023576
1603065600000,0.023576
1603152000000,0.023576
1603238400000,0.023576
1603324800000,0.023576
1603411200000,0.023576
1603670400000,0.023576
1603756800000,0.023576
1603843200000,0.023576
1603929600000,0.023576
1604016000000,0.023576
1604275200000,0.016449
1604361600000,0.036663
1604448000000,0.072241
1604534400000,0.072241
1604620800000,0.072241
1604880000000,0.072241
1604966400000,0.072241
1605052800000,0.072241
1605139200000,0.072241
1605225600000,0.072241
1605484800000,0.072241
1605571200000,0.072241
1605657600000,0.072241
1605744000000,0.072241
1605830400000,0.078297
1606089600000,0.073304
1606176000000,0.073304
1606262400000,0.073304
1606435200000,0.073304
1606694400000,0.073304
1606780800000,0.073304
1606867200000,0.066120
1606953600000,0.065321
1607040000000,0.058997
1607299200000,0.051948
1607385600000,0.048035
1607472000000,0.077987
1607558400000,0.074309
1607644800000,0.082016
1607904000000,0.077870
1607990400000,0.062143
1608076800000,0.053835
1608163200000,0.044119
1608249600000,0.046205
1608508800000,0.052400
1608595200000,0.048867
1608681600000,0.048867
1608768000000,0.048867
1609113600000,0.048867
1609200000000,0.048867
1609286400000,0.048867
1609372800000,0.044745
1609718400000,0.067752
1609804800000,0.070943
1609891200000,0.070943
1609977600000,0.070943
1610064000000,0.070943
1610323200000,0.070943
1610409600000,0.070943
1610496000000,0.070943
1610582400000,0.070943
1610668800000,0.070943
1611014400000,0.070943
1611100800000,0.070943
1611187200000,0.070943
1611273600000,0.070943
1611532800000,0.070943
1611619200000,0.070943
1611705600000,0.070943
1611792000000,0.070943
1611878400000,0.070943
1612137600000,0.070943
1612224000000,0.070943
1612310400000,0.070943
1612396800000,0.070943
1612483200000,0.070943
1612742400000,0.070943
1612828800000,0.070943
1612915200000,0.070943
1613001600000,0.070943
1613088000000,0.070943
1613433600000,0.070943
1613520000000,0.070943
1613606400000,0.070943
1613692800000,0.070943
1613952000000,0.092223
1614038400000,0.118726
1614124800000,0.118726
1614211200000,0.118726
1614297600000,0.113120
1614556800000,0.155000
1614643200000,0.155395
1614729600000,0.155395
1614816000000,0.134494
1614902400000,0.156388
1615161600000,0.115779
1615248000000,0.169353
1615334400000,0.185111
1615420800000,0.185111
1615507200000,0.185111
1615766400000,0.185111
1615852800000,0.185111
1615939200000,0.185111
1616025600000,0.185111
1616112000000,0.185111
1616371200000,0.185111
1616457600000,0.185111
1616544000000,0.185111
1616630400000,0.185111
1616716800000,0.185111
1616976000000,0.185111
1617062400000,0.185111
1617148800000,0.185111
1617235200000,0.185111
1617580800000,0.185111
1617667200000,0.185111
1617753600000,0.185111
1617840000000,0.185111
1617926400000,0.170298
1618185600000,0.173522
1618272000000,0.155646
1618358400000,0.176033
1618444800000,0.152124
1618531200000,0.150815
1618790400000,0.165913
1618876800000,0.177087
1618963200000,0.163729
1619049600000,0.183045
1619136000000,0.179040
1619395200000,0.179040
1619481600000,0.179040
1619568000000,0.179040
1619654400000,0.179040
1619740800000,0.179040
1620000000000,0.179040
1620086400000,0.179040
1620172800000,0.179040
1620259200000,0.179040
1620345600000,0.179040
1620604800000,0.179040
1620691200000,0.179040
1620777600000,0.179040
1620864000000,0.176233
1620950400000,0.208254
1621209600000,0.199718
1621296000000,0.199718
1621382400000,0.199718
1621468800000,0.199718
1621555200000,0.199718
1621814400000,0.199718
1621900800000,0.199718
1621987200000,0.199718
1622073600000,0.199718
1622160000000,0.199718
1622505600000,0.199718
1622592000000,0.199718
1622678400000,0.204055
1622764800000,0.193605
1623024000000,0.193605
1623110400000,0.193605
1623196800000,0.199075
1623283200000,0.183756
1623369600000,0.180061
1623628800000,0.166419
1623715200000,0.177409
1623801600000,0.174463
1623888000000,0.174463
1623974400000,0.182485
1624233600000,0.181416
1624320000000,0.181416
1624406400000,0.181506
1624492800000,0.172279
1624579200000,0.174873
1624838400000,0.156391
1624924800000,0.151783
1625011200000,0.154080
1625097600000,0.153939
1625184000000,0.136741
1625529600000,0.130981
1625616000000,0.128851
1625702400000,0.138551
1625788800000,0.128039
1626048000000,0.123007
1626134400000,0.123770
1626220800000,0.121459
1626307200000,0.132982
1626393600000,0.145300
1626652800000,0.161982
1626739200000,0.161982
1626825600000,0.161982
1626912000000,0.161982
1626998400000,0.161982
1627257600000,0.161982
1627344000000,0.161982
1627430400000,0.161982
1627516800000,0.161982
1627603200000,0.161982
1627862400000,0.161982
1627948800000,0.161982
1628035200000,0.161982
1628121600000,0.161982
1628208000000,0.161982
1628467200000,0.162283
1628553600000,0.159389
1628640000000,0.159389
1628726400000,0.159389
1628812800000,0.159389
1629072000000,0.159389
1629158400000,0.159389
1629244800000,0.159389
1629331200000,0.159389
1629417600000,0.159389
1629676800000,0.159389
1629763200000,0.159389
1629849600000,0.159389
1629936000000,0.159389
1630022400000,0.159389
1630281600000,0.159389
1630368000000,0.161200
1630454400000,0.158817
1630540800000,0.154029
1630627200000,0.154029
1630972800000,0.154029
1631059200000,0.158640
1631145600000,0.164775
1631232000000,0.176702
1631491200000,0.166170
1631577600000,0.166170
1631664000000,0.166170
1631750400000,0.166170
1631836800000,0.166170
1632096000000,0.166170
1632182400000,0.159295
1632268800000,0.173662
1632355200000,0.177785
1632441600000,0.177785
1632700800000,0.177785
1632787200000,0.177785
1632873600000,0.169432
1632960000000,0.162624
1633046400000,0.172551
1633305600000,0.163326
1633392000000,0.177850
1633478400000,0.161650
1633564800000,0.161650
1633651200000,0.161650
1633910400000,0.161650
1633996800000,0.161650
1634083200000,0.161650
1634169600000,0.161650
1634256000000,0.161650
1634515200000,0.161650
1634601600000,0.161650
1634688000000,0.161650
1634774400000,0.161650
1634860800000,0.161650
1635120000000,0.152218
1635206400000,0.148222
1635292800000,0.144848
1635379200000,0.127769
1635465600000,0.121144
1635724800000,0.116222
1635811200000,0.110094
1635897600000,0.093770
1635984000000,0.074553
1636070400000,0.073685
1636329600000,0.076368
1636416000000,0.088074
1636502400000,0.111287
1636588800000,0.098298
1636675200000,0.086939
1636934400000,0.088354
1637020800000,0.077509
1637107200000,0.078079
1637193600000,0.062173
1637280000000,0.054153
1637539200000,0.072510
1637625600000,0.076760
1637712000000,0.076760
1637884800000,0.076760
1638144000000,0.076760
1638230400000,0.076760
1638316800000,0.076760
1638403200000,0.076760
1638489600000,0.076760
1638748800000,0.076760
1638835200000,0.076760
1638921600000,0.076760
1639008000000,0.076760
1639094400000,0.076760
1639353600000,0.076760
1639440000000,0.076760
1639526400000,0.076760
1639612800000,0.076760
1639699200000,0.076760
1639958400000,0.076760
1640044800000,0.076760
1640131200000,0.076760
1640217600000,0.076760
1640563200000,0.076760
1640649600000,0.076760
1640736000000,0.076760
1640822400000,0.076760
1640908800000,0.076760
1641168000000,0.076760
1641254400000,0.076760
1641340800000,0.076760
1641427200000,0.076760
1641513600000,0.076760
1641772800000,0.076760
1641859200000,0.076760
1641945600000,0.076760
1642032000000,0.076760
1642118400000,0.076760
1642464000000,0.060441
1642550400000,0.044139
1642636800000,0.024085
1642723200000,-0.016129
1642982400000,-0.009597
1643068800000,-0.045168
1643155200000,-0.043273
1643241600000,-0.060231
1643328000000,-0.016602
1643587200000,-0.012991
1643673600000,-0.012991
1643760000000,-0.012991
1643846400000,-0.012991
1643932800000,-0.012991
1644192000000,-0.012991
1644278400000,-0.012991
1644364800000,-0.012991
1644451200000,-0.012991
1644537600000,-0.012991
1644796800000,-0.012991
1644883200000,-0.012991
1644969600000,-0.012991
1645056000000,-0.012991
1645142400000,-0.012991
1645488000000,-0.012991
1645574400000,-0.012991
1645660800000,0.053449
1645747200000,0.052559
1646006400000,0.052559
1646092800000,0.052559
1646179200000,0.052559
1646265600000,0.052559
1646352000000,0.052559
1646611200000,0.052559
1646697600000,0.052559
1646784000000,0.062307
1646870400000,0.049263
1646956800000,0.049263
1647216000000,0.049263
1647302400000,0.049263
1647388800000,0.049263
1647475200000,0.049263
1647561600000,0.049263
1647820800000,0.049263
1647907200000,0.049263
1647993600000,0.049263
1648080000000,0.049263
1648166400000,0.049263
1648425600000,0.034570
1648512000000,0.018328
1648598400000,0.029586
1648684800000,0.045122
1648771200000,0.043898
1649030400000,0.024613
1649116800000,0.047087
1649203200000,0.061209
1649289600000,0.061209
1649376000000,0.061209
1649635200000,0.061209
1649721600000,0.061209
1649808000000,0.061209
1649894400000,0.061209
1650240000000,0.061209
1650326400000,0.061209
1650412800000,0.061209
1650499200000,0.061209
1650585600000,0.061209
1650844800000,0.085151
1650931200000,0.036196
1651017600000,0.035269
1651104000000,0.076972
1651190400000,0.059075
1651449600000,0.059075
1651536000000,0.059075
1651622400000,0.059075
1651708800000,0.059075
1651795200000,0.059075
1652054400000,0.059075
1652140800000,0.049487
1652227200000,0.042085
1652313600000,0.042085
1652400000000,0.042085
1652659200000,0.042085
1652745600000,0.042085
1652832000000,0.042085
1652918400000,0.042085
1653004800000,0.042085
1653264000000,0.042085
1653350400000,0.042085
1653436800000,0.055164
1653523200000,0.052236
1653609600000,0.052236
1653955200000,0.052236
1654041600000,0.052236
1654128000000,0.052236
1654214400000,0.052236
1654473600000,0.052236
1654560000000,0.052236
1654646400000,0.052236
1654732800000,0.052236
1654819200000,0.052236
1655078400000,0.052236
1655164800000,0.052236
1655251200000,0.052236
1655337600000,0.052236
1655424000000,0.052236
1655769600000,0.059680
1655856000000,0.050054
1655942400000,0.050054
1656028800000,0.050054
1656288000000,0.050054
1656374400000,0.050054
1656460800000,0.050054
1656547200000,0.050054
1656633600000,0.050054
1656979200000,0.050054
1657065600000,0.050054
1657152000000,0.050054
1657238400000,0.050054
1657497600000,0.060811
1657584000000,0.055705
1657670400000,0.055705
1657756800000,0.055705
1657843200000,0.055705
1658102400000,0.055705
1658188800000,0.055705
1658275200000,0.055705
1658361600000,0.055705
1658448000000,0.072955
1658707200000,0.073066
1658793600000,0.073066
1658880000000,0.073066
1658966400000,0.073066
1659052800000,0.073066
1659312000000,0.067089
1659398400000,0.071094
1659484800000,0.038445
1659571200000,0.033357
1659657600000,0.043380
1659916800000,0.048262
1660003200000,0.056771
1660089600000,0.056771
1660176000000,0.056771
1660262400000,0.056771
1660521600000,0.044937
1660608000000,0.048007
1660694400000,0.062468
1660780800000,0.061798
1660867200000,0.061798
1661126400000,0.061798
1661212800000,0.061798
1661299200000,0.061798
1661385600000,0.061798
1661472000000,0.061798
1661731200000,0.061798
1661817600000,0.061798
1661904000000,0.045001
1661990400000,0.044922
1662076800000,0.027786
1662422400000,0.019147
1662508800000,0.042493
1662595200000,0.048064
1662681600000,0.073225
1662940800000,0.078001
1663027200000,0.078001
1663113600000,0.078001
1663200000000,0.078001
1663286400000,0.085542
1663545600000,0.075121
1663632000000,0.075121
1663718400000,0.075121
1663804800000,0.075121
1663891200000,0.075121
1664150400000,0.075121
1664236800000,0.075121
1664323200000,0.100645
1664409600000,0.082286
1664496000000,0.067111
1664755200000,0.092634
1664841600000,0.116451
1664928000000,0.116451
1665014400000,0.116451
1665100800000,0.116451
1665360000000,0.116451
1665446400000,0.116451
1665532800000,0.116451
1665619200000,0.116451
1665705600000,0.116451
1665964800000,0.116451
1666051200000,0.116451
1666137600000,0.116451
1666224000000,0.116451
1666310400000,0.116451
1666569600000,0.116451
1666656000000,0.116451
1666742400000,0.116451
1666828800000,0.116451
1666915200000,0.116451
1667174400000,0.116451
1667260800000,0.116451
1667347200000,0.116451
1667433600000,0.116451
1667520000000,0.116451
1667779200000,0.116451
1667865600000,0.116451
1667952000000,0.116451
1668038400000,0.116451
1668124800000,0.116451
1668384000000,0.116451
1668470400000,0.116451
1668556800000,0.116451
1668643200000,0.116451
1668729600000,0.116451
1668988800000,0.116451
1669075200000,0.116451
1669161600000,0.116451
1669334400000,0.117999
1669593600000,0.122948
1669680000000,0.122948
1669766400000,0.122948
1669852800000,0.122143
1669939200000,0.135446
1670198400000,0.135446
1670284800000,0.135446
1670371200000,0.135446
1670457600000,0.135446
1670544000000,0.135446
1670803200000,0.135446
1670889600000,0.135446
1670976000000,0.135446
1671062400000,0.135446
1671148800000,0.135446
1671408000000,0.135446
1671494400000,0.135446
1671580800000,0.149268
1671667200000,0.118055
1671753600000,0.120954
1672099200000,0.115340
1672185600000,0.115340
1672272000000,0.131730
1672358400000,0.118106
1672704000000,0.118106
1672790400000,0.113718
1672876800000,0.091287
1672963200000,0.128905
1673222400000,0.139468
1673308800000,0.139468
1673395200000,0.139468
1673481600000,0.139468
1673568000000,0.139468
1673913600000,0.139468
1674000000000,0.139468
1674086400000,0.139468
1674172800000,0.139468
1674432000000,0.139468
1674518400000,0.134620
1674604800000,0.138524
1674691200000,0.112612
1674777600000,0.100198
1675036800000,0.128761
1675123200000,0.108091
1675209600000,0.079473
1675296000000,0.031011
1675382400000,0.056863
1675641600000,0.068037
1675728000000,0.068037
1675814400000,0.086783
1675900800000,0.098731
1675987200000,0.105883
1676246400000,0.105883
1676332800000,0.105883
1676419200000,0.105883
1676505600000,0.105883
1676592000000,0.105883
1676937600000,0.105883
1677024000000,0.105883
1677110400000,0.105883
1677196800000,0.105883
1677456000000,0.105883
1677542400000,0.105883
1677628800000,0.105883
1677715200000,0.105883
1677801600000,0.105883
1678060800000,0.105883
1678147200000,0.105883
1678233600000,0.105883
1678320000000,0.105883
1678406400000,0.105883
1678665600000,0.105883
1678752000000,0.105883
1678838400000,0.105883
1678924800000,0.105883
1679011200000,0.105883
1679270400000,0.105883
1679356800000,0.105883
1679443200000,0.126514
1679529600000,0.106196
1679616000000,0.106196
1679875200000,0.106196
1679961600000,0.106196
1680048000000,0.106196
1680134400000,0.102932
1680220800000,0.078038
1680480000000,0.082276
1680566400000,0.088284
1680652800000,0.104105
1680739200000,0.112232
1681084800000,0.112232
1681171200000,0.112232
1681257600000,0.112232
1681344000000,0.112232
1681430400000,0.112232
1681689600000,0.112232
1681776000000,0.112232
1681862400000,0.112232
1681948800000,0.112232
1682035200000,0.112232
1682294400000,0.112232
1682380800000,0.112232
1682467200000,0.112232
1682553600000,0.112232
1682640000000,0.112232
1682899200000,0.112232
1682985600000,0.112232
1683072000000,0.112232
1683158400000,0.112232
1683244800000,0.112232
1683504000000,0.112232
1683590400000,0.112232
1683676800000,0.112232
1683763200000,0.112232
1683849600000,0.112232
1684108800000,0.112232
1684195200000,0.107677
1684281600000,0.089794
1684368000000,0.087099
1684454400000,0.091346
1684713600000,0.086746
1684800000000,0.106358
1684886400000,0.114144
1684972800000,0.078357
1685059200000,0.039771
1685404800000,0.034051
1685491200000,0.045396
1685577600000,0.025498
1685664000000,0.014517
1685923200000,0.013859
1686009600000,0.014098
1686096000000,0.042119
1686182400000,0.039902
1686268800000,0.039902
1686528000000,0.039902
1686614400000,0.040949
1686700800000,0.030814
1686787200000,0.013139
1686873600000,0.023766
1687219200000,0.025562
1687305600000,0.046364
1687392000000,0.052872
1687478400000,0.052872
1687737600000,0.052872
1687824000000,0.052872
1687910400000,0.052872
1687996800000,0.052872
1688083200000,0.052872
1688342400000,0.052872
1688515200000,0.052872
1688601600000,0.052872
1688688000000,0.052872
1688947200000,0.052872
1689033600000,0.052872
1689120000000,0.052872
1689206400000,0.052872
1689292800000,0.052872
1689552000000,0.042781
1689638400000,0.030884
1689724800000,0.032737
1689811200000,0.067770
1689897600000,0.058741
1690156800000,0.058741
1690243200000,0.058741
1690329600000,0.058741
1690416000000,0.058741
1690502400000,0.058741
1690761600000,0.060386
1690848000000,0.065605
1690934400000,0.065605
1691020800000,0.065605
1691107200000,0.065605
1691366400000,0.065605
1691452800000,0.065605
1691539200000,0.065605
1691625600000,0.065605
1691712000000,0.065605
1691971200000,0.065605
1692057600000,0.065605
1692144000000,0.065605
1692230400000,0.065605
1692316800000,0.076413
1692576000000,0.100867
1692662400000,0.097605
1692748800000,0.100265
1692835200000,0.100265
1692921600000,0.100265
1693180800000,0.100265
1693267200000,0.100265
1693353600000,0.100265
1693440000000,0.100265
1693526400000,0.100265
1693872000000,0.100265
1693958400000,0.100265
1694044800000,0.100265
1694131200000,0.100265
1694390400000,0.100265
1694476800000,0.100265
1694563200000,0.100265
1694649600000,0.100265
1694736000000,0.122003
1694995200000,0.125523
1695081600000,0.125523
1695168000000,0.125523
1695254400000,0.125523
1695340800000,0.119879
1695600000000,0.126360
1695686400000,0.103274
1695772800000,0.106353
1695859200000,0.100041
1695945600000,0.100041
1696204800000,0.112237
1696291200000,0.101395
1696377600000,0.118129
1696464000000,0.116130
1696550400000,0.116130
1696809600000,0.116130
1696896000000,0.116130
1696982400000,0.116130
1697068800000,0.116130
1697155200000,0.116130
1697414400000,0.116130
1697500800000,0.116130
1697587200000,0.116130
1697673600000,0.116130
1697760000000,0.116130
1698019200000,0.116130
1698105600000,0.116130
1698192000000,0.116130
1698278400000,0.116130
1698364800000,0.109251
1698624000000,0.125170
1698710400000,0.124423
1698796800000,0.124423
1698883200000,0.124423
1698969600000,0.124423
1699228800000,0.124423
1699315200000,0.124423
1699401600000,0.124423
1699488000000,0.124423
1699574400000,0.124423
1699833600000,0.124423
1699920000000,0.124423
1700006400000,0.130518
1700092800000,0.129419
1700179200000,0.129375
1700438400000,0.111928
1700524800000,0.121164
1700611200000,0.115175
1700784000000,0.117416
1701043200000,0.119719
1701129600000,0.115554
1701216000000,0.118121
1701302400000,0.122284
1701388800000,0.118000
1701648000000,0.133326
1701734400000,0.140016
1701820800000,0.140016
1701907200000,0.140016
1701993600000,0.140016
1702252800000,0.140016
1702339200000,0.140016
1702425600000,0.140016
1702512000000,0.145953
1702598400000,0.138629
1702857600000,0.129432
1702944000000,0.122430
1703030400000,0.146121
1703116800000,0.130685
1703203200000,0.132616
1703548800000,0.124003
1703635200000,0.121883
1703721600000,0.123038
1703808000000,0.129926
1704153600000,0.155516
1704240000000,0.166696
1704326400000,0.166696
1704412800000,0.166696
1704672000000,0.166696
1704758400000,0.166696
1704844800000,0.166696
1704931200000,0.166696
1705017600000,0.166696
1705363200000,0.166696
1705449600000,0.166696
1705536000000,0.166696
1705622400000,0.166696
1705881600000,0.166696
1705968000000,0.166696
1706054400000,0.172078
1706140800000,0.170978
1706227200000,0.179587
1706486400000,0.165029
1706572800000,0.175652
1706659200000,0.205057
1706745600000,0.197756
1706832000000,0.197756
1707091200000,0.197756
1707177600000,0.197756
1707264000000,0.190926
1707350400000,0.190222
1707436800000,0.190222
1707696000000,0.190222
1707782400000,0.190222
1707868800000,0.190222
1707955200000,0.190222
1708041600000,0.190222
1708387200000,0.190222
1708473600000,0.190222
1708560000000,0.190222
1708646400000,0.190222
1708905600000,0.190222
1708992000000,0.190222
1709078400000,0.190222
1709164800000,0.190222
1709251200000,0.190222
1709510400000,0.190222
1709596800000,0.190222
1709683200000,0.190222
1709769600000,0.190222
1709856000000,0.190222
1710115200000,0.190222
1710201600000,0.190222
1710288000000,0.190222
1710374400000,0.190222
1710460800000,0.190222
1710720000000,0.190222
1710806400000,0.190222
1710892800000,0.190222
1710979200000,0.190222
1711065600000,0.190222
1711324800000,0.190222
1711411200000,0.190222
1711497600000,0.190222
1711584000000,0.190222
1711929600000,0.190222
1712016000000,0.190222
1712102400000,0.190222
1712188800000,0.190222
1712275200000,0.190222
1712534400000,0.190222
1712620800000,0.190222
1712707200000,0.190222
1712793600000,0.190222
1712880000000,0.190222
1713139200000,0.190222
1713225600000,0.190222
1713312000000,0.190222
1713398400000,0.190222
1713484800000,0.190222
1713744000000,0.194574
1713830400000,0.200810
1713916800000,0.200810
1714003200000,0.200810
1714089600000,0.200810
1714348800000,0.200810
1714435200000,0.200810
1714521600000,0.200810
1714608000000,0.200810
1714694400000,0.200810
1714953600000,0.200810
1715040000000,0.200810
1715126400000,0.200810
1715212800000,0.200810
1715299200000,0.201633
1715558400000,0.198954
1715644800000,0.199382
1715731200000,0.184405
1715817600000,0.187968
1715904000000,0.189334
1716163200000,0.179321
1716249600000,0.176505
1716336000000,0.177617
1716422400000,0.184692
1716508800000,0.170036
1716854400000,0.165470
1716940800000,0.176690
1717027200000,0.193239
1717113600000,0.191761
1717372800000,0.191761
1717459200000,0.191761
1717545600000,0.191761
1717632000000,0.191761
1717718400000,0.191761
1717977600000,0.191761
1718064000000,0.191761
1718150400000,0.191761
1718236800000,0.194219
1718323200000,0.188290
1718582400000,0.170116
1718668800000,0.170060
1718841600000,0.182447
1718928000000,0.186825
1719187200000,0.204510
1719273600000,0.187594
1719360000000,0.184186
1719446400000,0.181692
1719532800000,0.190223
1719792000000,0.186886
1719878400000,0.166704
1719964800000,0.153841
1720137600000,0.138654
1720396800000,0.135451
1720483200000,0.134838
1720569600000,0.128253
1720656000000,0.160926
1720742400000,0.159358
1721001600000,0.159358
1721088000000,0.162507
1721174400000,0.188237
1721260800000,0.188237
1721347200000,0.188237
1721606400000,0.188237
1721692800000,0.188237
1721779200000,0.188237
1721865600000,0.188237
1721952000000,0.190867
1722211200000,0.193274
1722297600000,0.172177
1722384000000,0.216266
1722470400000,0.216025
1722556800000,0.216025
1722816000000,0.247985
1722902400000,0.260604
1722988800000,0.245337
1723075200000,0.283742
1723161600000,0.279830
1723420800000,0.279830
1723507200000,0.279830
1723593600000,0.279830
1723680000000,0.279830
1723766400000,0.279830
1724025600000,0.279830
1724112000000,0.279830
1724198400000,0.279830
1724284800000,0.279830
1724371200000,0.279830
1724630400000,0.289281
1724716800000,0.285816
1724803200000,0.299523
1724889600000,0.294826
1724976000000,0.294826
1725321600000,0.294826
1725408000000,0.294826
1725494400000,0.294826
1725580800000,0.294826
1725840000000,0.294826
1725926400000,0.294826
1726012800000,0.294826
1726099200000,0.294826
1726185600000,0.294826
1726444800000,0.294826
1726531200000,0.294826
1726617600000,0.294826
1726704000000,0.294826
1726790400000,0.294826
1727049600000,0.294826
1727136000000,0.294826
1727222400000,0.291049
1727308800000,0.280732
1727395200000,0.289166
1727654400000,0.285667
1727740800000,0.307645
1727827200000,0.310712
1727913600000,0.310712
1728000000000,0.310712
1728259200000,0.310712
1728345600000,0.310712
1728432000000,0.310712
1728518400000,0.310712
1728604800000,0.310712
1728864000000,0.310712
1728950400000,0.310712
1729036800000,0.310712
1729123200000,0.310712
1729209600000,0.310712
1729468800000,0.310712
1729555200000,0.310712
1729641600000,0.310712
1729728000000,0.310712
1729814400000,0.310712
1730073600000,0.310712
1730160000000,0.310712
1730246400000,0.310712
1730332800000,0.310712
1730419200000,0.310712
1730678400000,0.310712
1730764800000,0.310712
1730851200000,0.310712
1730937600000,0.310712
1731024000000,0.310712
1731283200000,0.310712
1731369600000,0.310712
1731456000000,0.310712
1731542400000,0.310712
1731628800000,0.310712
1731888000000,0.310712
1731974400000,0.310712
1732060800000,0.310712
1732147200000,0.310712
1732233600000,0.310712
1732492800000,0.310712
1732579200000,0.310712
1732665600000,0.310712
1732838400000,0.310712
1733097600000,0.310712
1733184000000,0.310712
1733270400000,0.310712
1733356800000,0.310712
1733443200000,0.310712
1733702400000,0.319955
1733788800000,0.325416
1733875200000,0.312954
1733961600000,0.315558
1734048000000,0.304540
1734307200000,0.283031
1734393600000,0.290064
1734480000000,0.345324
1734566400000,0.334480
1734652800000,0.334480
1734912000000,0.334480
1734998400000,0.334480
1735171200000,0.334480
1735257600000,0.334480
1735516800000,0.334480
1735603200000,0.334480
1735776000000,0.334480
1735862400000,0.334480
1736121600000,0.334480
1736208000000,0.334480
1736294400000,0.334480
1736467200000,0.334480
1736726400000,0.334480
1736812800000,0.334480
1736899200000,0.334480
1736985600000,0.334480
1737072000000,0.334480
1737417600000,0.334480
1737504000000,0.334480
1737590400000,0.334480
1737676800000,0.334480
1737936000000,0.334480
1738022400000,0.334480
1738108800000,0.334480
1738195200000,0.334480
1738281600000,0.334480
1738540800000,0.334480
1738627200000,0.334480
1738713600000,0.334480
1738800000000,0.334480
1738886400000,0.334480
1739145600000,0.334480
1739232000000,0.334480
1739318400000,0.334480
1739404800000,0.334480
1739491200000,0.334480
1739836800000,0.335251
1739923200000,0.337663
1740009600000,0.342044
1740096000000,0.338676
1740355200000,0.338676
1740441600000,0.338676
1740528000000,0.338676
1740614400000,0.338676
1740700800000,0.365415
1740960000000,0.371792
1741046400000,0.377017
1741132800000,0.397013
1741219200000,0.366362
1741305600000,0.380282
1741564800000,0.322135
1741651200000,0.317678
1741737600000,0.333684
1741824000000,0.305504
1741910400000,0.341002
1742169600000,0.337147
1742256000000,0.337147
1742342400000,0.337147
1742428800000,0.337147
1742515200000,0.337147
1742774400000,0.337147
1742860800000,0.337147
1742947200000,0.337147
1743033600000,0.337147
1743120000000,0.337147
1743379200000,0.337147
1743465600000,0.337147
1743552000000,0.337147
1743638400000,0.337147
1743724800000,0.337147
1743984000000,0.371739
1744070400000,0.353633
1744156800000,0.461258
1744243200000,0.433245
1744329600000,0.433245
1744588800000,0.433245
1744675200000,0.433245
1744761600000,0.433245
1744848000000,0.433245
1745193600000,0.433245
1745280000000,0.433245
1745366400000,0.433245
1745452800000,0.433245
1745539200000,0.433245
1745798400000,0.433245
1745884800000,0.433245
1745971200000,0.421880
1746057600000,0.413360
1746144000000,0.410223
1746403200000,0.414013
1746489600000,0.420823
1746576000000,0.420823
1746662400000,0.420946
1746748800000,0.421189
1747008000000,0.395625
1747094400000,0.385285
1747180800000,0.381583
1747267200000,0.381229
1747353600000,0.378465
1747612800000,0.378030
1747699200000,0.380748
1747785600000,0.390081
1747872000000,0.389232
1747958400000,0.395687
1748304000000,0.386360
1748390400000,0.395696
1748476800000,0.392906
1748563200000,0.394922
1748822400000,0.384791
1748908800000,0.381629
1748995200000,0.381629
1749081600000,0.381629
1749168000000,0.381629
1749427200000,0.381629
1749513600000,0.381629
1749600000000,0.381629
1749686400000,0.375683
1749772800000,0.395493
1750032000000,0.384555
1750118400000,0.384555
1750204800000,0.384555
1750377600000,0.384555
1750636800000,0.384555
1750723200000,0.384555
1750809600000,0.384555
1750896000000,0.384555
1750982400000,0.384555
1751241600000,0.384555
1751328000000,0.384555
1751414400000,0.384555
1751500800000,0.384555
1751846400000,0.384555
1751932800000,0.386733
1752019200000,0.379771
1752105600000,0.383779
1752192000000,0.387379
1752451200000,0.382873
1752537600000,0.381386
1752624000000,0.380265
1752710400000,0.369334
1752796800000,0.370766
1753056000000,0.366378
1753142400000,0.366378
1753228800000,0.362342
1753315200000,0.357543
1753401600000,0.357543
1753660800000,0.356698
1753747200000,0.360192
1753833600000,0.358218
1753920000000,0.366808
1754006400000,0.396445
1754265600000,0.381597
1754352000000,0.381597
1754438400000,0.381597
1754524800000,0.381597
1754611200000,0.381597
1754870400000,0.381597
1754956800000,0.381597
1755043200000,0.381597
1755129600000,0.381597
1755216000000,0.381597
1755475200000,0.381597
1755561600000,0.381597
1755648000000,0.381597
1755734400000,0.381597
1755820800000,0.381597
1756080000000,0.381597
1756166400000,0.381597
1756252800000,0.381597
1756339200000,0.381597
1756425600000,0.381597
1756771200000,0.381597
1756857600000,0.381597
1756944000000,0.381597
1757030400000,0.381597
1757289600000,0.381597
1757376000000,0.381597
1757462400000,0.381597
1757548800000,0.381597
1757635200000,0.377763
1757894400000,0.371880
1757980800000,0.376101
1758067200000,0.379627
1758153600000,0.366967
1758240000000,0.360986
1758499200000,0.353152
1758585600000,0.364626
1758672000000,0.369721
1758758400000,0.376630
1758844800000,0.370526
1759104000000,0.364363
1759190400000,0.360576
1759276800000,0.353595
1759363200000,0.348386
1759449600000,0.355355
1759708800000,0.342591
1759795200000,0.354069
1759881600000,0.350758
1759968000000,0.350758
1760054400000,0.350758
1760313600000,0.350758
1760400000000,0.350758
1760486400000,0.350758
1760572800000,0.350758
1760659200000,0.350758
1760918400000,0.350758
1761004800000,0.350758
1761091200000,0.350758
1761177600000,0.350758
1761264000000,0.350758
1761523200000,0.350758
1761609600000,0.350758
1761696000000,0.350758
1761782400000,0.350758
1761868800000,0.362147
1762128000000,0.346922
1762214400000,0.355404
1762300800000,0.355060
1762387200000,0.355060
1762473600000,0.355060
1762732800000,0.355060
1762819200000,0.355060
1762905600000,0.355060
1762992000000,0.355060
1763078400000,0.355060
1763337600000,0.355060
1763424000000,0.355060
1763510400000,0.362600
1763596800000,0.391328
1763683200000,0.397661
1763942400000,0.436666
1764028800000,0.430149
1764115200000,0.430149
1764288000000,0.430149
1764547200000,0.430149
1764633600000,0.430149
1764720000000,0.430149
1764806400000,0.430149
1764892800000,0.430149
1765152000000,0.430149
1765238400000,0.430149
1765324800000,0.421672
1765411200000,0.427335
1765497600000,0.456419
1765756800000,0.446793
1765843200000,0.446793
1765929600000,0.446793
1766016000000,0.446793
1766102400000,0.446793
1766361600000,0.446793
1766448000000,0.446793
1766534400000,0.446793
1766707200000,0.446793
1766966400000,0.446793
1767052800000,0.446793
1767139200000,0.446793
1767312000000,0.446793
1767571200000,0.446793
1767657600000,0.446793
1767744000000,0.446793
1767830400000,0.446793
1767916800000,0.432248
1768176000000,0.440544
1768262400000,0.440544
1768348800000,0.440544
1768435200000,0.440544
1768521600000,0.440544
1768867200000,0.440544
1768953600000,0.440544
1769040000000,0.440544
1769126400000,0.440544
1769385600000,0.440544
1769472000000,0.440544
1769558400000,0.440544
1769644800000,0.440544
1769731200000,0.440544
1769990400000,0.440544
1770076800000,0.440544
1770163200000,0.440544
1770249600000,0.440544
1770336000000,0.440544
1770595200000,0.440544
1770681600000,0.440544
1770768000000,0.440544
1770854400000,0.440544
1770940800000,0.440544
1771286400000,0.440544
1771372800000,0.440544
1771459200000,0.440544
1771545600000,0.440544
1771804800000,0.440544
1771891200000,0.440544
1771977600000,0.440544
1772064000000,0.440544
1772150400000,0.440544
1772409600000,0.440544
1772496000000,0.440544
1772582400000,0.440544
1772668800000,0.440544
1772755200000,0.440544
1773014400000,0.440544
1773100800000,0.440544
1773187200000,0.440544
1773273600000,0.440544
1773360000000,0.440544
1773619200000,0.440544
1773705600000,0.440544
1773792000000,0.440544
1773878400000,0.440544
1773964800000,0.440544
1774224000000,0.440544
1774310400000,0.440544
1774396800000,0.440544
1774483200000,0.440544
1774569600000,0.440544
1774828800000,0.417738
1774915200000,0.467963
1775001600000,0.475862
1775088000000,0.475862
1775433600000,0.475862
1775520000000,0.475862
1775606400000,0.475862
1775692800000,0.475862
1775779200000,0.475862
1776038400000,0.475862
1776124800000,0.475862
1776211200000,0.457862
1776297600000,0.451539
1776384000000,0.434219
1776643200000,0.438866
1776729600000,0.445013
1776816000000,0.421524
1776902400000,0.429952
1776988800000,0.403168
1777248000000,0.403432
1777334400000,0.418220
1777420800000,0.410357
1777507200000,0.396908
1777593600000,0.383820
1777852800000,0.387240
1777939200000,0.368679
1778025600000,0.338608
1778112000000,0.340812
1778198400000,0.306211
1778457600000,0.302115
1778544000000,0.315818
1778630400000,0.300442
1778716800000,0.289692
1778803200000,0.313778
1779062400000,0.320966
1779148800000,0.330483
1779235200000,0.305896
1779321600000,0.303161
1779408000000,0.297049
1779753600000,0.270335
1779840000000,0.272151
1779926400000,0.268738
1780012800000,0.268771
1780272000000,0.270158
1780358400000,0.270158
1780444800000,0.277913
1780531200000,0.286301
1780617600000,0.306090
1780876800000,0.306090
1780963200000,0.306090
1781049600000,0.306090
1781136000000,0.306090
1781222400000,0.306090
